source_event_url,event_id,source_url_layer,event_name,dcat_name,dcat_status,dcat_status_as_of,dcat_ranking_as_of,cutoff_rank,category_round_id,round_kind,round_name,round_category,round_status,round_status_as_of,round_result_url,format_identifier,format,league_round_id,stage_id,stage_name,stage_kind,stage_status,stage_status_as_of,stage_results_url,route_id,route_name,route_startlist_url,route_results_url
/api/v1/events/727/result/3,727,full_results_url,"IFSC Climbing Worldcup (B,S) - Chongqing (CHN) 2012",BOULDER Men,finished,2025-10-02 07:18:21 UTC,2026-04-22 10:39:46 UTC,,2046,boulder,Qualification,Men,finished,2021-04-09 08:09:21 UTC,/api/v1/category_rounds/2046/results,boulder_legacy,Translation missing: en.round_types.boulder_legacy,1,,,,,,,3136,1,/api/v1/routes/3136/startlist,
/api/v1/events/727/result/3,727,full_results_url,"IFSC Climbing Worldcup (B,S) - Chongqing (CHN) 2012",BOULDER Men,finished,2025-10-02 07:18:21 UTC,2026-04-22 10:39:46 UTC,,2046,boulder,Qualification,Men,finished,2021-04-09 08:09:21 UTC,/api/v1/category_rounds/2046/results,boulder_legacy,Translation missing: en.round_types.boulder_legacy,1,,,,,,,3137,2,/api/v1/routes/3137/startlist,
/api/v1/events/727/result/3,727,full_results_url,"IFSC Climbing Worldcup (B,S) - Chongqing (CHN) 2012",BOULDER Men,finished,2025-10-02 07:18:21 UTC,2026-04-22 10:39:46 UTC,,2046,boulder,Qualification,Men,finished,2021-04-09 08:09:21 UTC,/api/v1/category_rounds/2046/results,boulder_legacy,Translation missing: en.round_types.boulder_legacy,1,,,,,,,3138,3,/api/v1/routes/3138/startlist,
/api/v1/events/727/result/3,727,full_results_url,"IFSC Climbing Worldcup (B,S) - Chongqing (CHN) 2012",BOULDER Men,finished,2025-10-02 07:18:21 UTC,2026-04-22 10:39:46 UTC,,2046,boulder,Qualification,Men,finished,2021-04-09 08:09:21 UTC,/api/v1/category_rounds/2046/results,boulder_legacy,Translation missing: en.round_types.boulder_legacy,1,,,,,,,3139,4,/api/v1/routes/3139/startlist,
/api/v1/events/727/result/3,727,full_results_url,"IFSC Climbing Worldcup (B,S) - Chongqing (CHN) 2012",BOULDER Men,finished,2025-10-02 07:18:21 UTC,2026-04-22 10:39:46 UTC,,2046,boulder,Qualification,Men,finished,2021-04-09 08:09:21 UTC,/api/v1/category_rounds/2046/results,boulder_legacy,Translation missing: en.round_types.boulder_legacy,1,,,,,,,3140,5,/api/v1/routes/3140/startlist,
/api/v1/events/727/result/3,727,full_results_url,"IFSC Climbing Worldcup (B,S) - Chongqing (CHN) 2012",BOULDER Men,finished,2025-10-02 07:18:21 UTC,2026-04-22 10:39:46 UTC,,2047,boulder,Semi-Final,Men,finished,2021-04-09 08:09:27 UTC,/api/v1/category_rounds/2047/results,boulder_legacy,Translation missing: en.round_types.boulder_legacy,2,,,,,,,3141,1,/api/v1/routes/3141/startlist,
/api/v1/events/727/result/3,727,full_results_url,"IFSC Climbing Worldcup (B,S) - Chongqing (CHN) 2012",BOULDER Men,finished,2025-10-02 07:18:21 UTC,2026-04-22 10:39:46 UTC,,2047,boulder,Semi-Final,Men,finished,2021-04-09 08:09:27 UTC,/api/v1/category_rounds/2047/results,boulder_legacy,Translation missing: en.round_types.boulder_legacy,2,,,,,,,3142,2,/api/v1/routes/3142/startlist,
/api/v1/events/727/result/3,727,full_results_url,"IFSC Climbing Worldcup (B,S) - Chongqing (CHN) 2012",BOULDER Men,finished,2025-10-02 07:18:21 UTC,2026-04-22 10:39:46 UTC,,2047,boulder,Semi-Final,Men,finished,2021-04-09 08:09:27 UTC,/api/v1/category_rounds/2047/results,boulder_legacy,Translation missing: en.round_types.boulder_legacy,2,,,,,,,3143,3,/api/v1/routes/3143/startlist,
/api/v1/events/727/result/3,727,full_results_url,"IFSC Climbing Worldcup (B,S) - Chongqing (CHN) 2012",BOULDER Men,finished,2025-10-02 07:18:21 UTC,2026-04-22 10:39:46 UTC,,2047,boulder,Semi-Final,Men,finished,2021-04-09 08:09:27 UTC,/api/v1/category_rounds/2047/results,boulder_legacy,Translation missing: en.round_types.boulder_legacy,2,,,,,,,3144,4,/api/v1/routes/3144/startlist,
/api/v1/events/727/result/3,727,full_results_url,"IFSC Climbing Worldcup (B,S) - Chongqing (CHN) 2012",BOULDER Men,finished,2025-10-02 07:18:21 UTC,2026-04-22 10:39:46 UTC,,2048,boulder,Final,Men,finished,2021-04-09 08:09:32 UTC,/api/v1/category_rounds/2048/results,boulder_legacy,Translation missing: en.round_types.boulder_legacy,3,,,,,,,3145,1,/api/v1/routes/3145/startlist,
/api/v1/events/727/result/3,727,full_results_url,"IFSC Climbing Worldcup (B,S) - Chongqing (CHN) 2012",BOULDER Men,finished,2025-10-02 07:18:21 UTC,2026-04-22 10:39:46 UTC,,2048,boulder,Final,Men,finished,2021-04-09 08:09:32 UTC,/api/v1/category_rounds/2048/results,boulder_legacy,Translation missing: en.round_types.boulder_legacy,3,,,,,,,3146,2,/api/v1/routes/3146/startlist,
/api/v1/events/727/result/3,727,full_results_url,"IFSC Climbing Worldcup (B,S) - Chongqing (CHN) 2012",BOULDER Men,finished,2025-10-02 07:18:21 UTC,2026-04-22 10:39:46 UTC,,2048,boulder,Final,Men,finished,2021-04-09 08:09:32 UTC,/api/v1/category_rounds/2048/results,boulder_legacy,Translation missing: en.round_types.boulder_legacy,3,,,,,,,3147,3,/api/v1/routes/3147/startlist,
/api/v1/events/727/result/3,727,full_results_url,"IFSC Climbing Worldcup (B,S) - Chongqing (CHN) 2012",BOULDER Men,finished,2025-10-02 07:18:21 UTC,2026-04-22 10:39:46 UTC,,2048,boulder,Final,Men,finished,2021-04-09 08:09:32 UTC,/api/v1/category_rounds/2048/results,boulder_legacy,Translation missing: en.round_types.boulder_legacy,3,,,,,,,3148,4,/api/v1/routes/3148/startlist,
/api/v1/events/727/result/7,727,full_results_url,"IFSC Climbing Worldcup (B,S) - Chongqing (CHN) 2012",BOULDER Women,finished,2025-10-02 07:18:21 UTC,2026-04-22 10:39:50 UTC,,2041,boulder,Qualification,Women,finished,2021-04-09 08:09:21 UTC,/api/v1/category_rounds/2041/results,boulder_legacy,Translation missing: en.round_types.boulder_legacy,1,,,,,,,3123,1,/api/v1/routes/3123/startlist,
/api/v1/events/727/result/7,727,full_results_url,"IFSC Climbing Worldcup (B,S) - Chongqing (CHN) 2012",BOULDER Women,finished,2025-10-02 07:18:21 UTC,2026-04-22 10:39:50 UTC,,2041,boulder,Qualification,Women,finished,2021-04-09 08:09:21 UTC,/api/v1/category_rounds/2041/results,boulder_legacy,Translation missing: en.round_types.boulder_legacy,1,,,,,,,3124,2,/api/v1/routes/3124/startlist,
/api/v1/events/727/result/7,727,full_results_url,"IFSC Climbing Worldcup (B,S) - Chongqing (CHN) 2012",BOULDER Women,finished,2025-10-02 07:18:21 UTC,2026-04-22 10:39:50 UTC,,2041,boulder,Qualification,Women,finished,2021-04-09 08:09:21 UTC,/api/v1/category_rounds/2041/results,boulder_legacy,Translation missing: en.round_types.boulder_legacy,1,,,,,,,3125,3,/api/v1/routes/3125/startlist,
/api/v1/events/727/result/7,727,full_results_url,"IFSC Climbing Worldcup (B,S) - Chongqing (CHN) 2012",BOULDER Women,finished,2025-10-02 07:18:21 UTC,2026-04-22 10:39:50 UTC,,2041,boulder,Qualification,Women,finished,2021-04-09 08:09:21 UTC,/api/v1/category_rounds/2041/results,boulder_legacy,Translation missing: en.round_types.boulder_legacy,1,,,,,,,3126,4,/api/v1/routes/3126/startlist,
/api/v1/events/727/result/7,727,full_results_url,"IFSC Climbing Worldcup (B,S) - Chongqing (CHN) 2012",BOULDER Women,finished,2025-10-02 07:18:21 UTC,2026-04-22 10:39:50 UTC,,2041,boulder,Qualification,Women,finished,2021-04-09 08:09:21 UTC,/api/v1/category_rounds/2041/results,boulder_legacy,Translation missing: en.round_types.boulder_legacy,1,,,,,,,3127,5,/api/v1/routes/3127/startlist,
/api/v1/events/727/result/7,727,full_results_url,"IFSC Climbing Worldcup (B,S) - Chongqing (CHN) 2012",BOULDER Women,finished,2025-10-02 07:18:21 UTC,2026-04-22 10:39:50 UTC,,2042,boulder,Semi-Final,Women,finished,2021-04-09 08:09:27 UTC,/api/v1/category_rounds/2042/results,boulder_legacy,Translation missing: en.round_types.boulder_legacy,2,,,,,,,3128,1,/api/v1/routes/3128/startlist,
/api/v1/events/727/result/7,727,full_results_url,"IFSC Climbing Worldcup (B,S) - Chongqing (CHN) 2012",BOULDER Women,finished,2025-10-02 07:18:21 UTC,2026-04-22 10:39:50 UTC,,2042,boulder,Semi-Final,Women,finished,2021-04-09 08:09:27 UTC,/api/v1/category_rounds/2042/results,boulder_legacy,Translation missing: en.round_types.boulder_legacy,2,,,,,,,3129,2,/api/v1/routes/3129/startlist,
/api/v1/events/727/result/7,727,full_results_url,"IFSC Climbing Worldcup (B,S) - Chongqing (CHN) 2012",BOULDER Women,finished,2025-10-02 07:18:21 UTC,2026-04-22 10:39:50 UTC,,2042,boulder,Semi-Final,Women,finished,2021-04-09 08:09:27 UTC,/api/v1/category_rounds/2042/results,boulder_legacy,Translation missing: en.round_types.boulder_legacy,2,,,,,,,3130,3,/api/v1/routes/3130/startlist,
/api/v1/events/727/result/7,727,full_results_url,"IFSC Climbing Worldcup (B,S) - Chongqing (CHN) 2012",BOULDER Women,finished,2025-10-02 07:18:21 UTC,2026-04-22 10:39:50 UTC,,2042,boulder,Semi-Final,Women,finished,2021-04-09 08:09:27 UTC,/api/v1/category_rounds/2042/results,boulder_legacy,Translation missing: en.round_types.boulder_legacy,2,,,,,,,3131,4,/api/v1/routes/3131/startlist,
/api/v1/events/727/result/7,727,full_results_url,"IFSC Climbing Worldcup (B,S) - Chongqing (CHN) 2012",BOULDER Women,finished,2025-10-02 07:18:21 UTC,2026-04-22 10:39:50 UTC,,2043,boulder,Final,Women,finished,2021-04-09 08:09:32 UTC,/api/v1/category_rounds/2043/results,boulder_legacy,Translation missing: en.round_types.boulder_legacy,3,,,,,,,3132,1,/api/v1/routes/3132/startlist,
/api/v1/events/727/result/7,727,full_results_url,"IFSC Climbing Worldcup (B,S) - Chongqing (CHN) 2012",BOULDER Women,finished,2025-10-02 07:18:21 UTC,2026-04-22 10:39:50 UTC,,2043,boulder,Final,Women,finished,2021-04-09 08:09:32 UTC,/api/v1/category_rounds/2043/results,boulder_legacy,Translation missing: en.round_types.boulder_legacy,3,,,,,,,3133,2,/api/v1/routes/3133/startlist,
/api/v1/events/727/result/7,727,full_results_url,"IFSC Climbing Worldcup (B,S) - Chongqing (CHN) 2012",BOULDER Women,finished,2025-10-02 07:18:21 UTC,2026-04-22 10:39:50 UTC,,2043,boulder,Final,Women,finished,2021-04-09 08:09:32 UTC,/api/v1/category_rounds/2043/results,boulder_legacy,Translation missing: en.round_types.boulder_legacy,3,,,,,,,3134,3,/api/v1/routes/3134/startlist,
/api/v1/events/727/result/7,727,full_results_url,"IFSC Climbing Worldcup (B,S) - Chongqing (CHN) 2012",BOULDER Women,finished,2025-10-02 07:18:21 UTC,2026-04-22 10:39:50 UTC,,2043,boulder,Final,Women,finished,2021-04-09 08:09:32 UTC,/api/v1/category_rounds/2043/results,boulder_legacy,Translation missing: en.round_types.boulder_legacy,3,,,,,,,3135,4,/api/v1/routes/3135/startlist,
/api/v1/events/727/result/2,727,full_results_url,"IFSC Climbing Worldcup (B,S) - Chongqing (CHN) 2012",SPEED Men,finished,2025-10-02 07:18:21 UTC,2026-04-22 10:39:55 UTC,,2050,speed,Final,Men,finished,2024-01-17 07:24:36 UTC,/api/v1/category_rounds/2050/results,speed_elimination_ifsc,IFSC 2021: Elimination,3,,,,,,,2005,A,/api/v1/routes/2005/startlist,
/api/v1/events/727/result/2,727,full_results_url,"IFSC Climbing Worldcup (B,S) - Chongqing (CHN) 2012",SPEED Men,finished,2025-10-02 07:18:21 UTC,2026-04-22 10:39:55 UTC,,2050,speed,Final,Men,finished,2024-01-17 07:24:36 UTC,/api/v1/category_rounds/2050/results,speed_elimination_ifsc,IFSC 2021: Elimination,3,,,,,,,2006,B,/api/v1/routes/2006/startlist,
/api/v1/events/727/result/6,727,full_results_url,"IFSC Climbing Worldcup (B,S) - Chongqing (CHN) 2012",SPEED Women,finished,2025-10-02 07:18:21 UTC,2026-04-22 10:39:58 UTC,,2045,speed,Final,Women,finished,2024-01-17 07:24:37 UTC,/api/v1/category_rounds/2045/results,speed_elimination_ifsc,IFSC 2021: Elimination,3,,,,,,,2007,A,/api/v1/routes/2007/startlist,
/api/v1/events/727/result/6,727,full_results_url,"IFSC Climbing Worldcup (B,S) - Chongqing (CHN) 2012",SPEED Women,finished,2025-10-02 07:18:21 UTC,2026-04-22 10:39:58 UTC,,2045,speed,Final,Women,finished,2024-01-17 07:24:37 UTC,/api/v1/category_rounds/2045/results,speed_elimination_ifsc,IFSC 2021: Elimination,3,,,,,,,2008,B,/api/v1/routes/2008/startlist,
/api/v1/events/728/result/3,728,full_results_url,IFSC Climbing Worldcup (B) - Log-Dragomer (SLO) 2012,BOULDER Men,finished,2025-10-02 07:18:21 UTC,2026-04-22 10:40:07 UTC,,2054,boulder,Qualification,Men,finished,2021-04-09 08:09:49 UTC,/api/v1/category_rounds/2054/results,boulder_legacy,Translation missing: en.round_types.boulder_legacy,1,,,,,,,3162,1,/api/v1/routes/3162/startlist,
/api/v1/events/728/result/3,728,full_results_url,IFSC Climbing Worldcup (B) - Log-Dragomer (SLO) 2012,BOULDER Men,finished,2025-10-02 07:18:21 UTC,2026-04-22 10:40:07 UTC,,2054,boulder,Qualification,Men,finished,2021-04-09 08:09:49 UTC,/api/v1/category_rounds/2054/results,boulder_legacy,Translation missing: en.round_types.boulder_legacy,1,,,,,,,3163,2,/api/v1/routes/3163/startlist,
/api/v1/events/728/result/3,728,full_results_url,IFSC Climbing Worldcup (B) - Log-Dragomer (SLO) 2012,BOULDER Men,finished,2025-10-02 07:18:21 UTC,2026-04-22 10:40:07 UTC,,2054,boulder,Qualification,Men,finished,2021-04-09 08:09:49 UTC,/api/v1/category_rounds/2054/results,boulder_legacy,Translation missing: en.round_types.boulder_legacy,1,,,,,,,3164,3,/api/v1/routes/3164/startlist,
/api/v1/events/728/result/3,728,full_results_url,IFSC Climbing Worldcup (B) - Log-Dragomer (SLO) 2012,BOULDER Men,finished,2025-10-02 07:18:21 UTC,2026-04-22 10:40:07 UTC,,2054,boulder,Qualification,Men,finished,2021-04-09 08:09:49 UTC,/api/v1/category_rounds/2054/results,boulder_legacy,Translation missing: en.round_types.boulder_legacy,1,,,,,,,3165,4,/api/v1/routes/3165/startlist,
/api/v1/events/728/result/3,728,full_results_url,IFSC Climbing Worldcup (B) - Log-Dragomer (SLO) 2012,BOULDER Men,finished,2025-10-02 07:18:21 UTC,2026-04-22 10:40:07 UTC,,2054,boulder,Qualification,Men,finished,2021-04-09 08:09:49 UTC,/api/v1/category_rounds/2054/results,boulder_legacy,Translation missing: en.round_types.boulder_legacy,1,,,,,,,3166,5,/api/v1/routes/3166/startlist,
/api/v1/events/728/result/3,728,full_results_url,IFSC Climbing Worldcup (B) - Log-Dragomer (SLO) 2012,BOULDER Men,finished,2025-10-02 07:18:21 UTC,2026-04-22 10:40:07 UTC,,2055,boulder,Semi-Final,Men,finished,2021-04-09 08:10:03 UTC,/api/v1/category_rounds/2055/results,boulder_legacy,Translation missing: en.round_types.boulder_legacy,2,,,,,,,3167,1,/api/v1/routes/3167/startlist,
/api/v1/events/728/result/3,728,full_results_url,IFSC Climbing Worldcup (B) - Log-Dragomer (SLO) 2012,BOULDER Men,finished,2025-10-02 07:18:21 UTC,2026-04-22 10:40:07 UTC,,2055,boulder,Semi-Final,Men,finished,2021-04-09 08:10:03 UTC,/api/v1/category_rounds/2055/results,boulder_legacy,Translation missing: en.round_types.boulder_legacy,2,,,,,,,3168,2,/api/v1/routes/3168/startlist,
/api/v1/events/728/result/3,728,full_results_url,IFSC Climbing Worldcup (B) - Log-Dragomer (SLO) 2012,BOULDER Men,finished,2025-10-02 07:18:21 UTC,2026-04-22 10:40:07 UTC,,2055,boulder,Semi-Final,Men,finished,2021-04-09 08:10:03 UTC,/api/v1/category_rounds/2055/results,boulder_legacy,Translation missing: en.round_types.boulder_legacy,2,,,,,,,3169,3,/api/v1/routes/3169/startlist,
/api/v1/events/728/result/3,728,full_results_url,IFSC Climbing Worldcup (B) - Log-Dragomer (SLO) 2012,BOULDER Men,finished,2025-10-02 07:18:21 UTC,2026-04-22 10:40:07 UTC,,2055,boulder,Semi-Final,Men,finished,2021-04-09 08:10:03 UTC,/api/v1/category_rounds/2055/results,boulder_legacy,Translation missing: en.round_types.boulder_legacy,2,,,,,,,3170,4,/api/v1/routes/3170/startlist,
/api/v1/events/728/result/3,728,full_results_url,IFSC Climbing Worldcup (B) - Log-Dragomer (SLO) 2012,BOULDER Men,finished,2025-10-02 07:18:21 UTC,2026-04-22 10:40:07 UTC,,2056,boulder,Final,Men,finished,2021-04-09 08:10:08 UTC,/api/v1/category_rounds/2056/results,boulder_legacy,Translation missing: en.round_types.boulder_legacy,3,,,,,,,3171,1,/api/v1/routes/3171/startlist,
/api/v1/events/728/result/3,728,full_results_url,IFSC Climbing Worldcup (B) - Log-Dragomer (SLO) 2012,BOULDER Men,finished,2025-10-02 07:18:21 UTC,2026-04-22 10:40:07 UTC,,2056,boulder,Final,Men,finished,2021-04-09 08:10:08 UTC,/api/v1/category_rounds/2056/results,boulder_legacy,Translation missing: en.round_types.boulder_legacy,3,,,,,,,3172,2,/api/v1/routes/3172/startlist,
/api/v1/events/728/result/3,728,full_results_url,IFSC Climbing Worldcup (B) - Log-Dragomer (SLO) 2012,BOULDER Men,finished,2025-10-02 07:18:21 UTC,2026-04-22 10:40:07 UTC,,2056,boulder,Final,Men,finished,2021-04-09 08:10:08 UTC,/api/v1/category_rounds/2056/results,boulder_legacy,Translation missing: en.round_types.boulder_legacy,3,,,,,,,3173,3,/api/v1/routes/3173/startlist,
/api/v1/events/728/result/3,728,full_results_url,IFSC Climbing Worldcup (B) - Log-Dragomer (SLO) 2012,BOULDER Men,finished,2025-10-02 07:18:21 UTC,2026-04-22 10:40:07 UTC,,2056,boulder,Final,Men,finished,2021-04-09 08:10:08 UTC,/api/v1/category_rounds/2056/results,boulder_legacy,Translation missing: en.round_types.boulder_legacy,3,,,,,,,3174,4,/api/v1/routes/3174/startlist,
/api/v1/events/728/result/7,728,full_results_url,IFSC Climbing Worldcup (B) - Log-Dragomer (SLO) 2012,BOULDER Women,finished,2025-10-02 07:18:21 UTC,2026-04-22 10:40:11 UTC,,2051,boulder,Qualification,Women,finished,2021-04-09 08:09:49 UTC,/api/v1/category_rounds/2051/results,boulder_legacy,Translation missing: en.round_types.boulder_legacy,1,,,,,,,3149,1,/api/v1/routes/3149/startlist,
/api/v1/events/728/result/7,728,full_results_url,IFSC Climbing Worldcup (B) - Log-Dragomer (SLO) 2012,BOULDER Women,finished,2025-10-02 07:18:21 UTC,2026-04-22 10:40:11 UTC,,2051,boulder,Qualification,Women,finished,2021-04-09 08:09:49 UTC,/api/v1/category_rounds/2051/results,boulder_legacy,Translation missing: en.round_types.boulder_legacy,1,,,,,,,3150,2,/api/v1/routes/3150/startlist,
/api/v1/events/728/result/7,728,full_results_url,IFSC Climbing Worldcup (B) - Log-Dragomer (SLO) 2012,BOULDER Women,finished,2025-10-02 07:18:21 UTC,2026-04-22 10:40:11 UTC,,2051,boulder,Qualification,Women,finished,2021-04-09 08:09:49 UTC,/api/v1/category_rounds/2051/results,boulder_legacy,Translation missing: en.round_types.boulder_legacy,1,,,,,,,3151,3,/api/v1/routes/3151/startlist,
/api/v1/events/728/result/7,728,full_results_url,IFSC Climbing Worldcup (B) - Log-Dragomer (SLO) 2012,BOULDER Women,finished,2025-10-02 07:18:21 UTC,2026-04-22 10:40:11 UTC,,2051,boulder,Qualification,Women,finished,2021-04-09 08:09:49 UTC,/api/v1/category_rounds/2051/results,boulder_legacy,Translation missing: en.round_types.boulder_legacy,1,,,,,,,3152,4,/api/v1/routes/3152/startlist,
/api/v1/events/728/result/7,728,full_results_url,IFSC Climbing Worldcup (B) - Log-Dragomer (SLO) 2012,BOULDER Women,finished,2025-10-02 07:18:21 UTC,2026-04-22 10:40:11 UTC,,2051,boulder,Qualification,Women,finished,2021-04-09 08:09:49 UTC,/api/v1/category_rounds/2051/results,boulder_legacy,Translation missing: en.round_types.boulder_legacy,1,,,,,,,3153,5,/api/v1/routes/3153/startlist,
/api/v1/events/728/result/7,728,full_results_url,IFSC Climbing Worldcup (B) - Log-Dragomer (SLO) 2012,BOULDER Women,finished,2025-10-02 07:18:21 UTC,2026-04-22 10:40:11 UTC,,2052,boulder,Semi-Final,Women,finished,2021-04-09 08:10:03 UTC,/api/v1/category_rounds/2052/results,boulder_legacy,Translation missing: en.round_types.boulder_legacy,2,,,,,,,3154,1,/api/v1/routes/3154/startlist,
/api/v1/events/728/result/7,728,full_results_url,IFSC Climbing Worldcup (B) - Log-Dragomer (SLO) 2012,BOULDER Women,finished,2025-10-02 07:18:21 UTC,2026-04-22 10:40:11 UTC,,2052,boulder,Semi-Final,Women,finished,2021-04-09 08:10:03 UTC,/api/v1/category_rounds/2052/results,boulder_legacy,Translation missing: en.round_types.boulder_legacy,2,,,,,,,3155,2,/api/v1/routes/3155/startlist,
/api/v1/events/728/result/7,728,full_results_url,IFSC Climbing Worldcup (B) - Log-Dragomer (SLO) 2012,BOULDER Women,finished,2025-10-02 07:18:21 UTC,2026-04-22 10:40:11 UTC,,2052,boulder,Semi-Final,Women,finished,2021-04-09 08:10:03 UTC,/api/v1/category_rounds/2052/results,boulder_legacy,Translation missing: en.round_types.boulder_legacy,2,,,,,,,3156,3,/api/v1/routes/3156/startlist,
/api/v1/events/728/result/7,728,full_results_url,IFSC Climbing Worldcup (B) - Log-Dragomer (SLO) 2012,BOULDER Women,finished,2025-10-02 07:18:21 UTC,2026-04-22 10:40:11 UTC,,2052,boulder,Semi-Final,Women,finished,2021-04-09 08:10:03 UTC,/api/v1/category_rounds/2052/results,boulder_legacy,Translation missing: en.round_types.boulder_legacy,2,,,,,,,3157,4,/api/v1/routes/3157/startlist,
/api/v1/events/728/result/7,728,full_results_url,IFSC Climbing Worldcup (B) - Log-Dragomer (SLO) 2012,BOULDER Women,finished,2025-10-02 07:18:21 UTC,2026-04-22 10:40:11 UTC,,2053,boulder,Final,Women,finished,2021-04-09 08:10:08 UTC,/api/v1/category_rounds/2053/results,boulder_legacy,Translation missing: en.round_types.boulder_legacy,3,,,,,,,3158,1,/api/v1/routes/3158/startlist,
/api/v1/events/728/result/7,728,full_results_url,IFSC Climbing Worldcup (B) - Log-Dragomer (SLO) 2012,BOULDER Women,finished,2025-10-02 07:18:21 UTC,2026-04-22 10:40:11 UTC,,2053,boulder,Final,Women,finished,2021-04-09 08:10:08 UTC,/api/v1/category_rounds/2053/results,boulder_legacy,Translation missing: en.round_types.boulder_legacy,3,,,,,,,3159,2,/api/v1/routes/3159/startlist,
/api/v1/events/728/result/7,728,full_results_url,IFSC Climbing Worldcup (B) - Log-Dragomer (SLO) 2012,BOULDER Women,finished,2025-10-02 07:18:21 UTC,2026-04-22 10:40:11 UTC,,2053,boulder,Final,Women,finished,2021-04-09 08:10:08 UTC,/api/v1/category_rounds/2053/results,boulder_legacy,Translation missing: en.round_types.boulder_legacy,3,,,,,,,3160,3,/api/v1/routes/3160/startlist,
/api/v1/events/728/result/7,728,full_results_url,IFSC Climbing Worldcup (B) - Log-Dragomer (SLO) 2012,BOULDER Women,finished,2025-10-02 07:18:21 UTC,2026-04-22 10:40:11 UTC,,2053,boulder,Final,Women,finished,2021-04-09 08:10:08 UTC,/api/v1/category_rounds/2053/results,boulder_legacy,Translation missing: en.round_types.boulder_legacy,3,,,,,,,3161,4,/api/v1/routes/3161/startlist,
/api/v1/events/729/result/3,729,full_results_url,IFSC Climbing Worldcup (B) - Vienna (AUT) 2012,BOULDER Men,finished,2025-10-02 07:18:21 UTC,2026-04-22 10:40:39 UTC,,2060,boulder,Qualification,Men,finished,2021-04-09 08:10:37 UTC,/api/v1/category_rounds/2060/results,boulder_legacy,Translation missing: en.round_types.boulder_legacy,1,,,,,,,3188,1,/api/v1/routes/3188/startlist,
/api/v1/events/729/result/3,729,full_results_url,IFSC Climbing Worldcup (B) - Vienna (AUT) 2012,BOULDER Men,finished,2025-10-02 07:18:21 UTC,2026-04-22 10:40:39 UTC,,2060,boulder,Qualification,Men,finished,2021-04-09 08:10:37 UTC,/api/v1/category_rounds/2060/results,boulder_legacy,Translation missing: en.round_types.boulder_legacy,1,,,,,,,3189,2,/api/v1/routes/3189/startlist,
/api/v1/events/729/result/3,729,full_results_url,IFSC Climbing Worldcup (B) - Vienna (AUT) 2012,BOULDER Men,finished,2025-10-02 07:18:21 UTC,2026-04-22 10:40:39 UTC,,2060,boulder,Qualification,Men,finished,2021-04-09 08:10:37 UTC,/api/v1/category_rounds/2060/results,boulder_legacy,Translation missing: en.round_types.boulder_legacy,1,,,,,,,3190,3,/api/v1/routes/3190/startlist,
/api/v1/events/729/result/3,729,full_results_url,IFSC Climbing Worldcup (B) - Vienna (AUT) 2012,BOULDER Men,finished,2025-10-02 07:18:21 UTC,2026-04-22 10:40:39 UTC,,2060,boulder,Qualification,Men,finished,2021-04-09 08:10:37 UTC,/api/v1/category_rounds/2060/results,boulder_legacy,Translation missing: en.round_types.boulder_legacy,1,,,,,,,3191,4,/api/v1/routes/3191/startlist,
/api/v1/events/729/result/3,729,full_results_url,IFSC Climbing Worldcup (B) - Vienna (AUT) 2012,BOULDER Men,finished,2025-10-02 07:18:21 UTC,2026-04-22 10:40:39 UTC,,2060,boulder,Qualification,Men,finished,2021-04-09 08:10:37 UTC,/api/v1/category_rounds/2060/results,boulder_legacy,Translation missing: en.round_types.boulder_legacy,1,,,,,,,3192,5,/api/v1/routes/3192/startlist,
/api/v1/events/729/result/3,729,full_results_url,IFSC Climbing Worldcup (B) - Vienna (AUT) 2012,BOULDER Men,finished,2025-10-02 07:18:21 UTC,2026-04-22 10:40:39 UTC,,2061,boulder,Semi-Final,Men,finished,2021-04-09 08:10:51 UTC,/api/v1/category_rounds/2061/results,boulder_legacy,Translation missing: en.round_types.boulder_legacy,2,,,,,,,3193,1,/api/v1/routes/3193/startlist,
/api/v1/events/729/result/3,729,full_results_url,IFSC Climbing Worldcup (B) - Vienna (AUT) 2012,BOULDER Men,finished,2025-10-02 07:18:21 UTC,2026-04-22 10:40:39 UTC,,2061,boulder,Semi-Final,Men,finished,2021-04-09 08:10:51 UTC,/api/v1/category_rounds/2061/results,boulder_legacy,Translation missing: en.round_types.boulder_legacy,2,,,,,,,3194,2,/api/v1/routes/3194/startlist,
/api/v1/events/729/result/3,729,full_results_url,IFSC Climbing Worldcup (B) - Vienna (AUT) 2012,BOULDER Men,finished,2025-10-02 07:18:21 UTC,2026-04-22 10:40:39 UTC,,2061,boulder,Semi-Final,Men,finished,2021-04-09 08:10:51 UTC,/api/v1/category_rounds/2061/results,boulder_legacy,Translation missing: en.round_types.boulder_legacy,2,,,,,,,3195,3,/api/v1/routes/3195/startlist,
/api/v1/events/729/result/3,729,full_results_url,IFSC Climbing Worldcup (B) - Vienna (AUT) 2012,BOULDER Men,finished,2025-10-02 07:18:21 UTC,2026-04-22 10:40:39 UTC,,2061,boulder,Semi-Final,Men,finished,2021-04-09 08:10:51 UTC,/api/v1/category_rounds/2061/results,boulder_legacy,Translation missing: en.round_types.boulder_legacy,2,,,,,,,3196,4,/api/v1/routes/3196/startlist,
/api/v1/events/729/result/3,729,full_results_url,IFSC Climbing Worldcup (B) - Vienna (AUT) 2012,BOULDER Men,finished,2025-10-02 07:18:21 UTC,2026-04-22 10:40:39 UTC,,2062,boulder,Final,Men,finished,2021-04-09 08:10:56 UTC,/api/v1/category_rounds/2062/results,boulder_legacy,Translation missing: en.round_types.boulder_legacy,3,,,,,,,3197,1,/api/v1/routes/3197/startlist,
/api/v1/events/729/result/3,729,full_results_url,IFSC Climbing Worldcup (B) - Vienna (AUT) 2012,BOULDER Men,finished,2025-10-02 07:18:21 UTC,2026-04-22 10:40:39 UTC,,2062,boulder,Final,Men,finished,2021-04-09 08:10:56 UTC,/api/v1/category_rounds/2062/results,boulder_legacy,Translation missing: en.round_types.boulder_legacy,3,,,,,,,3198,2,/api/v1/routes/3198/startlist,
/api/v1/events/729/result/3,729,full_results_url,IFSC Climbing Worldcup (B) - Vienna (AUT) 2012,BOULDER Men,finished,2025-10-02 07:18:21 UTC,2026-04-22 10:40:39 UTC,,2062,boulder,Final,Men,finished,2021-04-09 08:10:56 UTC,/api/v1/category_rounds/2062/results,boulder_legacy,Translation missing: en.round_types.boulder_legacy,3,,,,,,,3199,3,/api/v1/routes/3199/startlist,
/api/v1/events/729/result/3,729,full_results_url,IFSC Climbing Worldcup (B) - Vienna (AUT) 2012,BOULDER Men,finished,2025-10-02 07:18:21 UTC,2026-04-22 10:40:39 UTC,,2062,boulder,Final,Men,finished,2021-04-09 08:10:56 UTC,/api/v1/category_rounds/2062/results,boulder_legacy,Translation missing: en.round_types.boulder_legacy,3,,,,,,,3200,4,/api/v1/routes/3200/startlist,
/api/v1/events/729/result/7,729,full_results_url,IFSC Climbing Worldcup (B) - Vienna (AUT) 2012,BOULDER Women,finished,2025-10-02 07:18:21 UTC,2026-04-22 10:40:44 UTC,,2057,boulder,Qualification,Women,finished,2021-04-09 08:10:37 UTC,/api/v1/category_rounds/2057/results,boulder_legacy,Translation missing: en.round_types.boulder_legacy,1,,,,,,,3175,1,/api/v1/routes/3175/startlist,
/api/v1/events/729/result/7,729,full_results_url,IFSC Climbing Worldcup (B) - Vienna (AUT) 2012,BOULDER Women,finished,2025-10-02 07:18:21 UTC,2026-04-22 10:40:44 UTC,,2057,boulder,Qualification,Women,finished,2021-04-09 08:10:37 UTC,/api/v1/category_rounds/2057/results,boulder_legacy,Translation missing: en.round_types.boulder_legacy,1,,,,,,,3176,2,/api/v1/routes/3176/startlist,
/api/v1/events/729/result/7,729,full_results_url,IFSC Climbing Worldcup (B) - Vienna (AUT) 2012,BOULDER Women,finished,2025-10-02 07:18:21 UTC,2026-04-22 10:40:44 UTC,,2057,boulder,Qualification,Women,finished,2021-04-09 08:10:37 UTC,/api/v1/category_rounds/2057/results,boulder_legacy,Translation missing: en.round_types.boulder_legacy,1,,,,,,,3177,3,/api/v1/routes/3177/startlist,
/api/v1/events/729/result/7,729,full_results_url,IFSC Climbing Worldcup (B) - Vienna (AUT) 2012,BOULDER Women,finished,2025-10-02 07:18:21 UTC,2026-04-22 10:40:44 UTC,,2057,boulder,Qualification,Women,finished,2021-04-09 08:10:37 UTC,/api/v1/category_rounds/2057/results,boulder_legacy,Translation missing: en.round_types.boulder_legacy,1,,,,,,,3178,4,/api/v1/routes/3178/startlist,
/api/v1/events/729/result/7,729,full_results_url,IFSC Climbing Worldcup (B) - Vienna (AUT) 2012,BOULDER Women,finished,2025-10-02 07:18:21 UTC,2026-04-22 10:40:44 UTC,,2057,boulder,Qualification,Women,finished,2021-04-09 08:10:37 UTC,/api/v1/category_rounds/2057/results,boulder_legacy,Translation missing: en.round_types.boulder_legacy,1,,,,,,,3179,5,/api/v1/routes/3179/startlist,
/api/v1/events/729/result/7,729,full_results_url,IFSC Climbing Worldcup (B) - Vienna (AUT) 2012,BOULDER Women,finished,2025-10-02 07:18:21 UTC,2026-04-22 10:40:44 UTC,,2058,boulder,Semi-Final,Women,finished,2021-04-09 08:10:51 UTC,/api/v1/category_rounds/2058/results,boulder_legacy,Translation missing: en.round_types.boulder_legacy,2,,,,,,,3180,1,/api/v1/routes/3180/startlist,
/api/v1/events/729/result/7,729,full_results_url,IFSC Climbing Worldcup (B) - Vienna (AUT) 2012,BOULDER Women,finished,2025-10-02 07:18:21 UTC,2026-04-22 10:40:44 UTC,,2058,boulder,Semi-Final,Women,finished,2021-04-09 08:10:51 UTC,/api/v1/category_rounds/2058/results,boulder_legacy,Translation missing: en.round_types.boulder_legacy,2,,,,,,,3181,2,/api/v1/routes/3181/startlist,
/api/v1/events/729/result/7,729,full_results_url,IFSC Climbing Worldcup (B) - Vienna (AUT) 2012,BOULDER Women,finished,2025-10-02 07:18:21 UTC,2026-04-22 10:40:44 UTC,,2058,boulder,Semi-Final,Women,finished,2021-04-09 08:10:51 UTC,/api/v1/category_rounds/2058/results,boulder_legacy,Translation missing: en.round_types.boulder_legacy,2,,,,,,,3182,3,/api/v1/routes/3182/startlist,
/api/v1/events/729/result/7,729,full_results_url,IFSC Climbing Worldcup (B) - Vienna (AUT) 2012,BOULDER Women,finished,2025-10-02 07:18:21 UTC,2026-04-22 10:40:44 UTC,,2058,boulder,Semi-Final,Women,finished,2021-04-09 08:10:51 UTC,/api/v1/category_rounds/2058/results,boulder_legacy,Translation missing: en.round_types.boulder_legacy,2,,,,,,,3183,4,/api/v1/routes/3183/startlist,
/api/v1/events/729/result/7,729,full_results_url,IFSC Climbing Worldcup (B) - Vienna (AUT) 2012,BOULDER Women,finished,2025-10-02 07:18:21 UTC,2026-04-22 10:40:44 UTC,,2059,boulder,Final,Women,finished,2021-04-09 08:10:56 UTC,/api/v1/category_rounds/2059/results,boulder_legacy,Translation missing: en.round_types.boulder_legacy,3,,,,,,,3184,1,/api/v1/routes/3184/startlist,
/api/v1/events/729/result/7,729,full_results_url,IFSC Climbing Worldcup (B) - Vienna (AUT) 2012,BOULDER Women,finished,2025-10-02 07:18:21 UTC,2026-04-22 10:40:44 UTC,,2059,boulder,Final,Women,finished,2021-04-09 08:10:56 UTC,/api/v1/category_rounds/2059/results,boulder_legacy,Translation missing: en.round_types.boulder_legacy,3,,,,,,,3185,2,/api/v1/routes/3185/startlist,
/api/v1/events/729/result/7,729,full_results_url,IFSC Climbing Worldcup (B) - Vienna (AUT) 2012,BOULDER Women,finished,2025-10-02 07:18:21 UTC,2026-04-22 10:40:44 UTC,,2059,boulder,Final,Women,finished,2021-04-09 08:10:56 UTC,/api/v1/category_rounds/2059/results,boulder_legacy,Translation missing: en.round_types.boulder_legacy,3,,,,,,,3186,3,/api/v1/routes/3186/startlist,
/api/v1/events/729/result/7,729,full_results_url,IFSC Climbing Worldcup (B) - Vienna (AUT) 2012,BOULDER Women,finished,2025-10-02 07:18:21 UTC,2026-04-22 10:40:44 UTC,,2059,boulder,Final,Women,finished,2021-04-09 08:10:56 UTC,/api/v1/category_rounds/2059/results,boulder_legacy,Translation missing: en.round_types.boulder_legacy,3,,,,,,,3187,4,/api/v1/routes/3187/startlist,
/api/v1/events/730/result/3,730,full_results_url,IFSC Climbing Worldcup (B) - Innsbruck (AUT) 2012,BOULDER Men,finished,2025-10-02 07:18:21 UTC,2026-04-22 10:40:48 UTC,,2066,boulder,Qualification,Men,finished,2021-04-09 08:11:27 UTC,/api/v1/category_rounds/2066/results,boulder_legacy,Translation missing: en.round_types.boulder_legacy,1,,,,,,,3214,1,/api/v1/routes/3214/startlist,
/api/v1/events/730/result/3,730,full_results_url,IFSC Climbing Worldcup (B) - Innsbruck (AUT) 2012,BOULDER Men,finished,2025-10-02 07:18:21 UTC,2026-04-22 10:40:48 UTC,,2066,boulder,Qualification,Men,finished,2021-04-09 08:11:27 UTC,/api/v1/category_rounds/2066/results,boulder_legacy,Translation missing: en.round_types.boulder_legacy,1,,,,,,,3215,2,/api/v1/routes/3215/startlist,
/api/v1/events/730/result/3,730,full_results_url,IFSC Climbing Worldcup (B) - Innsbruck (AUT) 2012,BOULDER Men,finished,2025-10-02 07:18:21 UTC,2026-04-22 10:40:48 UTC,,2066,boulder,Qualification,Men,finished,2021-04-09 08:11:27 UTC,/api/v1/category_rounds/2066/results,boulder_legacy,Translation missing: en.round_types.boulder_legacy,1,,,,,,,3216,3,/api/v1/routes/3216/startlist,
/api/v1/events/730/result/3,730,full_results_url,IFSC Climbing Worldcup (B) - Innsbruck (AUT) 2012,BOULDER Men,finished,2025-10-02 07:18:21 UTC,2026-04-22 10:40:48 UTC,,2066,boulder,Qualification,Men,finished,2021-04-09 08:11:27 UTC,/api/v1/category_rounds/2066/results,boulder_legacy,Translation missing: en.round_types.boulder_legacy,1,,,,,,,3217,4,/api/v1/routes/3217/startlist,
/api/v1/events/730/result/3,730,full_results_url,IFSC Climbing Worldcup (B) - Innsbruck (AUT) 2012,BOULDER Men,finished,2025-10-02 07:18:21 UTC,2026-04-22 10:40:48 UTC,,2066,boulder,Qualification,Men,finished,2021-04-09 08:11:27 UTC,/api/v1/category_rounds/2066/results,boulder_legacy,Translation missing: en.round_types.boulder_legacy,1,,,,,,,3218,5,/api/v1/routes/3218/startlist,
/api/v1/events/730/result/3,730,full_results_url,IFSC Climbing Worldcup (B) - Innsbruck (AUT) 2012,BOULDER Men,finished,2025-10-02 07:18:21 UTC,2026-04-22 10:40:48 UTC,,2067,boulder,Semi-Final,Men,finished,2021-04-09 08:11:39 UTC,/api/v1/category_rounds/2067/results,boulder_legacy,Translation missing: en.round_types.boulder_legacy,2,,,,,,,3219,1,/api/v1/routes/3219/startlist,
/api/v1/events/730/result/3,730,full_results_url,IFSC Climbing Worldcup (B) - Innsbruck (AUT) 2012,BOULDER Men,finished,2025-10-02 07:18:21 UTC,2026-04-22 10:40:48 UTC,,2067,boulder,Semi-Final,Men,finished,2021-04-09 08:11:39 UTC,/api/v1/category_rounds/2067/results,boulder_legacy,Translation missing: en.round_types.boulder_legacy,2,,,,,,,3220,2,/api/v1/routes/3220/startlist,
/api/v1/events/730/result/3,730,full_results_url,IFSC Climbing Worldcup (B) - Innsbruck (AUT) 2012,BOULDER Men,finished,2025-10-02 07:18:21 UTC,2026-04-22 10:40:48 UTC,,2067,boulder,Semi-Final,Men,finished,2021-04-09 08:11:39 UTC,/api/v1/category_rounds/2067/results,boulder_legacy,Translation missing: en.round_types.boulder_legacy,2,,,,,,,3221,3,/api/v1/routes/3221/startlist,
/api/v1/events/730/result/3,730,full_results_url,IFSC Climbing Worldcup (B) - Innsbruck (AUT) 2012,BOULDER Men,finished,2025-10-02 07:18:21 UTC,2026-04-22 10:40:48 UTC,,2067,boulder,Semi-Final,Men,finished,2021-04-09 08:11:39 UTC,/api/v1/category_rounds/2067/results,boulder_legacy,Translation missing: en.round_types.boulder_legacy,2,,,,,,,3222,4,/api/v1/routes/3222/startlist,
/api/v1/events/730/result/3,730,full_results_url,IFSC Climbing Worldcup (B) - Innsbruck (AUT) 2012,BOULDER Men,finished,2025-10-02 07:18:21 UTC,2026-04-22 10:40:48 UTC,,2068,boulder,Final,Men,finished,2021-04-09 08:11:44 UTC,/api/v1/category_rounds/2068/results,boulder_legacy,Translation missing: en.round_types.boulder_legacy,3,,,,,,,3223,1,/api/v1/routes/3223/startlist,
/api/v1/events/730/result/3,730,full_results_url,IFSC Climbing Worldcup (B) - Innsbruck (AUT) 2012,BOULDER Men,finished,2025-10-02 07:18:21 UTC,2026-04-22 10:40:48 UTC,,2068,boulder,Final,Men,finished,2021-04-09 08:11:44 UTC,/api/v1/category_rounds/2068/results,boulder_legacy,Translation missing: en.round_types.boulder_legacy,3,,,,,,,3224,2,/api/v1/routes/3224/startlist,
/api/v1/events/730/result/3,730,full_results_url,IFSC Climbing Worldcup (B) - Innsbruck (AUT) 2012,BOULDER Men,finished,2025-10-02 07:18:21 UTC,2026-04-22 10:40:48 UTC,,2068,boulder,Final,Men,finished,2021-04-09 08:11:44 UTC,/api/v1/category_rounds/2068/results,boulder_legacy,Translation missing: en.round_types.boulder_legacy,3,,,,,,,3225,3,/api/v1/routes/3225/startlist,
/api/v1/events/730/result/3,730,full_results_url,IFSC Climbing Worldcup (B) - Innsbruck (AUT) 2012,BOULDER Men,finished,2025-10-02 07:18:21 UTC,2026-04-22 10:40:48 UTC,,2068,boulder,Final,Men,finished,2021-04-09 08:11:44 UTC,/api/v1/category_rounds/2068/results,boulder_legacy,Translation missing: en.round_types.boulder_legacy,3,,,,,,,3226,4,/api/v1/routes/3226/startlist,
/api/v1/events/730/result/7,730,full_results_url,IFSC Climbing Worldcup (B) - Innsbruck (AUT) 2012,BOULDER Women,finished,2025-10-02 07:18:21 UTC,2026-04-22 10:40:52 UTC,,2063,boulder,Qualification,Women,finished,2021-04-09 08:11:27 UTC,/api/v1/category_rounds/2063/results,boulder_legacy,Translation missing: en.round_types.boulder_legacy,1,,,,,,,3201,1,/api/v1/routes/3201/startlist,
/api/v1/events/730/result/7,730,full_results_url,IFSC Climbing Worldcup (B) - Innsbruck (AUT) 2012,BOULDER Women,finished,2025-10-02 07:18:21 UTC,2026-04-22 10:40:52 UTC,,2063,boulder,Qualification,Women,finished,2021-04-09 08:11:27 UTC,/api/v1/category_rounds/2063/results,boulder_legacy,Translation missing: en.round_types.boulder_legacy,1,,,,,,,3202,2,/api/v1/routes/3202/startlist,
/api/v1/events/730/result/7,730,full_results_url,IFSC Climbing Worldcup (B) - Innsbruck (AUT) 2012,BOULDER Women,finished,2025-10-02 07:18:21 UTC,2026-04-22 10:40:52 UTC,,2063,boulder,Qualification,Women,finished,2021-04-09 08:11:27 UTC,/api/v1/category_rounds/2063/results,boulder_legacy,Translation missing: en.round_types.boulder_legacy,1,,,,,,,3203,3,/api/v1/routes/3203/startlist,
/api/v1/events/730/result/7,730,full_results_url,IFSC Climbing Worldcup (B) - Innsbruck (AUT) 2012,BOULDER Women,finished,2025-10-02 07:18:21 UTC,2026-04-22 10:40:52 UTC,,2063,boulder,Qualification,Women,finished,2021-04-09 08:11:27 UTC,/api/v1/category_rounds/2063/results,boulder_legacy,Translation missing: en.round_types.boulder_legacy,1,,,,,,,3204,4,/api/v1/routes/3204/startlist,
/api/v1/events/730/result/7,730,full_results_url,IFSC Climbing Worldcup (B) - Innsbruck (AUT) 2012,BOULDER Women,finished,2025-10-02 07:18:21 UTC,2026-04-22 10:40:52 UTC,,2063,boulder,Qualification,Women,finished,2021-04-09 08:11:27 UTC,/api/v1/category_rounds/2063/results,boulder_legacy,Translation missing: en.round_types.boulder_legacy,1,,,,,,,3205,5,/api/v1/routes/3205/startlist,
/api/v1/events/730/result/7,730,full_results_url,IFSC Climbing Worldcup (B) - Innsbruck (AUT) 2012,BOULDER Women,finished,2025-10-02 07:18:21 UTC,2026-04-22 10:40:52 UTC,,2064,boulder,Semi-Final,Women,finished,2021-04-09 08:11:39 UTC,/api/v1/category_rounds/2064/results,boulder_legacy,Translation missing: en.round_types.boulder_legacy,2,,,,,,,3206,1,/api/v1/routes/3206/startlist,
/api/v1/events/730/result/7,730,full_results_url,IFSC Climbing Worldcup (B) - Innsbruck (AUT) 2012,BOULDER Women,finished,2025-10-02 07:18:21 UTC,2026-04-22 10:40:52 UTC,,2064,boulder,Semi-Final,Women,finished,2021-04-09 08:11:39 UTC,/api/v1/category_rounds/2064/results,boulder_legacy,Translation missing: en.round_types.boulder_legacy,2,,,,,,,3207,2,/api/v1/routes/3207/startlist,
/api/v1/events/730/result/7,730,full_results_url,IFSC Climbing Worldcup (B) - Innsbruck (AUT) 2012,BOULDER Women,finished,2025-10-02 07:18:21 UTC,2026-04-22 10:40:52 UTC,,2064,boulder,Semi-Final,Women,finished,2021-04-09 08:11:39 UTC,/api/v1/category_rounds/2064/results,boulder_legacy,Translation missing: en.round_types.boulder_legacy,2,,,,,,,3208,3,/api/v1/routes/3208/startlist,
/api/v1/events/730/result/7,730,full_results_url,IFSC Climbing Worldcup (B) - Innsbruck (AUT) 2012,BOULDER Women,finished,2025-10-02 07:18:21 UTC,2026-04-22 10:40:52 UTC,,2064,boulder,Semi-Final,Women,finished,2021-04-09 08:11:39 UTC,/api/v1/category_rounds/2064/results,boulder_legacy,Translation missing: en.round_types.boulder_legacy,2,,,,,,,3209,4,/api/v1/routes/3209/startlist,
/api/v1/events/730/result/7,730,full_results_url,IFSC Climbing Worldcup (B) - Innsbruck (AUT) 2012,BOULDER Women,finished,2025-10-02 07:18:21 UTC,2026-04-22 10:40:52 UTC,,2065,boulder,Final,Women,finished,2021-04-09 08:11:44 UTC,/api/v1/category_rounds/2065/results,boulder_legacy,Translation missing: en.round_types.boulder_legacy,3,,,,,,,3210,1,/api/v1/routes/3210/startlist,
/api/v1/events/730/result/7,730,full_results_url,IFSC Climbing Worldcup (B) - Innsbruck (AUT) 2012,BOULDER Women,finished,2025-10-02 07:18:21 UTC,2026-04-22 10:40:52 UTC,,2065,boulder,Final,Women,finished,2021-04-09 08:11:44 UTC,/api/v1/category_rounds/2065/results,boulder_legacy,Translation missing: en.round_types.boulder_legacy,3,,,,,,,3211,2,/api/v1/routes/3211/startlist,
/api/v1/events/730/result/7,730,full_results_url,IFSC Climbing Worldcup (B) - Innsbruck (AUT) 2012,BOULDER Women,finished,2025-10-02 07:18:21 UTC,2026-04-22 10:40:52 UTC,,2065,boulder,Final,Women,finished,2021-04-09 08:11:44 UTC,/api/v1/category_rounds/2065/results,boulder_legacy,Translation missing: en.round_types.boulder_legacy,3,,,,,,,3212,3,/api/v1/routes/3212/startlist,
/api/v1/events/730/result/7,730,full_results_url,IFSC Climbing Worldcup (B) - Innsbruck (AUT) 2012,BOULDER Women,finished,2025-10-02 07:18:21 UTC,2026-04-22 10:40:52 UTC,,2065,boulder,Final,Women,finished,2021-04-09 08:11:44 UTC,/api/v1/category_rounds/2065/results,boulder_legacy,Translation missing: en.round_types.boulder_legacy,3,,,,,,,3213,4,/api/v1/routes/3213/startlist,
/api/v1/events/731/result/3,731,full_results_url,IFSC Climbing Worldcup (B) - Vail (USA) 2012 ,BOULDER Men,finished,2025-10-02 07:18:21 UTC,2026-04-22 10:42:10 UTC,,2072,boulder,Qualification,Men,finished,2021-04-09 08:12:14 UTC,/api/v1/category_rounds/2072/results,boulder_legacy,Translation missing: en.round_types.boulder_legacy,1,,,,,,,3240,1,/api/v1/routes/3240/startlist,
/api/v1/events/731/result/3,731,full_results_url,IFSC Climbing Worldcup (B) - Vail (USA) 2012 ,BOULDER Men,finished,2025-10-02 07:18:21 UTC,2026-04-22 10:42:10 UTC,,2072,boulder,Qualification,Men,finished,2021-04-09 08:12:14 UTC,/api/v1/category_rounds/2072/results,boulder_legacy,Translation missing: en.round_types.boulder_legacy,1,,,,,,,3241,2,/api/v1/routes/3241/startlist,
/api/v1/events/731/result/3,731,full_results_url,IFSC Climbing Worldcup (B) - Vail (USA) 2012 ,BOULDER Men,finished,2025-10-02 07:18:21 UTC,2026-04-22 10:42:10 UTC,,2072,boulder,Qualification,Men,finished,2021-04-09 08:12:14 UTC,/api/v1/category_rounds/2072/results,boulder_legacy,Translation missing: en.round_types.boulder_legacy,1,,,,,,,3242,3,/api/v1/routes/3242/startlist,
/api/v1/events/731/result/3,731,full_results_url,IFSC Climbing Worldcup (B) - Vail (USA) 2012 ,BOULDER Men,finished,2025-10-02 07:18:21 UTC,2026-04-22 10:42:10 UTC,,2072,boulder,Qualification,Men,finished,2021-04-09 08:12:14 UTC,/api/v1/category_rounds/2072/results,boulder_legacy,Translation missing: en.round_types.boulder_legacy,1,,,,,,,3243,4,/api/v1/routes/3243/startlist,
/api/v1/events/731/result/3,731,full_results_url,IFSC Climbing Worldcup (B) - Vail (USA) 2012 ,BOULDER Men,finished,2025-10-02 07:18:21 UTC,2026-04-22 10:42:10 UTC,,2072,boulder,Qualification,Men,finished,2021-04-09 08:12:14 UTC,/api/v1/category_rounds/2072/results,boulder_legacy,Translation missing: en.round_types.boulder_legacy,1,,,,,,,3244,5,/api/v1/routes/3244/startlist,
/api/v1/events/731/result/3,731,full_results_url,IFSC Climbing Worldcup (B) - Vail (USA) 2012 ,BOULDER Men,finished,2025-10-02 07:18:21 UTC,2026-04-22 10:42:10 UTC,,2073,boulder,Semi-Final,Men,finished,2021-04-09 08:12:25 UTC,/api/v1/category_rounds/2073/results,boulder_legacy,Translation missing: en.round_types.boulder_legacy,2,,,,,,,3245,1,/api/v1/routes/3245/startlist,
/api/v1/events/731/result/3,731,full_results_url,IFSC Climbing Worldcup (B) - Vail (USA) 2012 ,BOULDER Men,finished,2025-10-02 07:18:21 UTC,2026-04-22 10:42:10 UTC,,2073,boulder,Semi-Final,Men,finished,2021-04-09 08:12:25 UTC,/api/v1/category_rounds/2073/results,boulder_legacy,Translation missing: en.round_types.boulder_legacy,2,,,,,,,3246,2,/api/v1/routes/3246/startlist,
/api/v1/events/731/result/3,731,full_results_url,IFSC Climbing Worldcup (B) - Vail (USA) 2012 ,BOULDER Men,finished,2025-10-02 07:18:21 UTC,2026-04-22 10:42:10 UTC,,2073,boulder,Semi-Final,Men,finished,2021-04-09 08:12:25 UTC,/api/v1/category_rounds/2073/results,boulder_legacy,Translation missing: en.round_types.boulder_legacy,2,,,,,,,3247,3,/api/v1/routes/3247/startlist,
/api/v1/events/731/result/3,731,full_results_url,IFSC Climbing Worldcup (B) - Vail (USA) 2012 ,BOULDER Men,finished,2025-10-02 07:18:21 UTC,2026-04-22 10:42:10 UTC,,2073,boulder,Semi-Final,Men,finished,2021-04-09 08:12:25 UTC,/api/v1/category_rounds/2073/results,boulder_legacy,Translation missing: en.round_types.boulder_legacy,2,,,,,,,3248,4,/api/v1/routes/3248/startlist,
/api/v1/events/731/result/3,731,full_results_url,IFSC Climbing Worldcup (B) - Vail (USA) 2012 ,BOULDER Men,finished,2025-10-02 07:18:21 UTC,2026-04-22 10:42:10 UTC,,2074,boulder,Final,Men,finished,2021-04-09 08:12:30 UTC,/api/v1/category_rounds/2074/results,boulder_legacy,Translation missing: en.round_types.boulder_legacy,3,,,,,,,3249,1,/api/v1/routes/3249/startlist,
/api/v1/events/731/result/3,731,full_results_url,IFSC Climbing Worldcup (B) - Vail (USA) 2012 ,BOULDER Men,finished,2025-10-02 07:18:21 UTC,2026-04-22 10:42:10 UTC,,2074,boulder,Final,Men,finished,2021-04-09 08:12:30 UTC,/api/v1/category_rounds/2074/results,boulder_legacy,Translation missing: en.round_types.boulder_legacy,3,,,,,,,3250,2,/api/v1/routes/3250/startlist,
/api/v1/events/731/result/3,731,full_results_url,IFSC Climbing Worldcup (B) - Vail (USA) 2012 ,BOULDER Men,finished,2025-10-02 07:18:21 UTC,2026-04-22 10:42:10 UTC,,2074,boulder,Final,Men,finished,2021-04-09 08:12:30 UTC,/api/v1/category_rounds/2074/results,boulder_legacy,Translation missing: en.round_types.boulder_legacy,3,,,,,,,3251,3,/api/v1/routes/3251/startlist,
/api/v1/events/731/result/3,731,full_results_url,IFSC Climbing Worldcup (B) - Vail (USA) 2012 ,BOULDER Men,finished,2025-10-02 07:18:21 UTC,2026-04-22 10:42:10 UTC,,2074,boulder,Final,Men,finished,2021-04-09 08:12:30 UTC,/api/v1/category_rounds/2074/results,boulder_legacy,Translation missing: en.round_types.boulder_legacy,3,,,,,,,3252,4,/api/v1/routes/3252/startlist,
/api/v1/events/731/result/7,731,full_results_url,IFSC Climbing Worldcup (B) - Vail (USA) 2012 ,BOULDER Women,finished,2025-10-02 07:18:21 UTC,2026-04-22 10:42:14 UTC,,2069,boulder,Qualification,Women,finished,2021-04-09 08:12:14 UTC,/api/v1/category_rounds/2069/results,boulder_legacy,Translation missing: en.round_types.boulder_legacy,1,,,,,,,3227,1,/api/v1/routes/3227/startlist,
/api/v1/events/731/result/7,731,full_results_url,IFSC Climbing Worldcup (B) - Vail (USA) 2012 ,BOULDER Women,finished,2025-10-02 07:18:21 UTC,2026-04-22 10:42:14 UTC,,2069,boulder,Qualification,Women,finished,2021-04-09 08:12:14 UTC,/api/v1/category_rounds/2069/results,boulder_legacy,Translation missing: en.round_types.boulder_legacy,1,,,,,,,3228,2,/api/v1/routes/3228/startlist,
/api/v1/events/731/result/7,731,full_results_url,IFSC Climbing Worldcup (B) - Vail (USA) 2012 ,BOULDER Women,finished,2025-10-02 07:18:21 UTC,2026-04-22 10:42:14 UTC,,2069,boulder,Qualification,Women,finished,2021-04-09 08:12:14 UTC,/api/v1/category_rounds/2069/results,boulder_legacy,Translation missing: en.round_types.boulder_legacy,1,,,,,,,3229,3,/api/v1/routes/3229/startlist,
/api/v1/events/731/result/7,731,full_results_url,IFSC Climbing Worldcup (B) - Vail (USA) 2012 ,BOULDER Women,finished,2025-10-02 07:18:21 UTC,2026-04-22 10:42:14 UTC,,2069,boulder,Qualification,Women,finished,2021-04-09 08:12:14 UTC,/api/v1/category_rounds/2069/results,boulder_legacy,Translation missing: en.round_types.boulder_legacy,1,,,,,,,3230,4,/api/v1/routes/3230/startlist,
/api/v1/events/731/result/7,731,full_results_url,IFSC Climbing Worldcup (B) - Vail (USA) 2012 ,BOULDER Women,finished,2025-10-02 07:18:21 UTC,2026-04-22 10:42:14 UTC,,2069,boulder,Qualification,Women,finished,2021-04-09 08:12:14 UTC,/api/v1/category_rounds/2069/results,boulder_legacy,Translation missing: en.round_types.boulder_legacy,1,,,,,,,3231,5,/api/v1/routes/3231/startlist,
/api/v1/events/731/result/7,731,full_results_url,IFSC Climbing Worldcup (B) - Vail (USA) 2012 ,BOULDER Women,finished,2025-10-02 07:18:21 UTC,2026-04-22 10:42:14 UTC,,2070,boulder,Semi-Final,Women,finished,2021-04-09 08:12:25 UTC,/api/v1/category_rounds/2070/results,boulder_legacy,Translation missing: en.round_types.boulder_legacy,2,,,,,,,3232,1,/api/v1/routes/3232/startlist,
/api/v1/events/731/result/7,731,full_results_url,IFSC Climbing Worldcup (B) - Vail (USA) 2012 ,BOULDER Women,finished,2025-10-02 07:18:21 UTC,2026-04-22 10:42:14 UTC,,2070,boulder,Semi-Final,Women,finished,2021-04-09 08:12:25 UTC,/api/v1/category_rounds/2070/results,boulder_legacy,Translation missing: en.round_types.boulder_legacy,2,,,,,,,3233,2,/api/v1/routes/3233/startlist,
/api/v1/events/731/result/7,731,full_results_url,IFSC Climbing Worldcup (B) - Vail (USA) 2012 ,BOULDER Women,finished,2025-10-02 07:18:21 UTC,2026-04-22 10:42:14 UTC,,2070,boulder,Semi-Final,Women,finished,2021-04-09 08:12:25 UTC,/api/v1/category_rounds/2070/results,boulder_legacy,Translation missing: en.round_types.boulder_legacy,2,,,,,,,3234,3,/api/v1/routes/3234/startlist,
/api/v1/events/731/result/7,731,full_results_url,IFSC Climbing Worldcup (B) - Vail (USA) 2012 ,BOULDER Women,finished,2025-10-02 07:18:21 UTC,2026-04-22 10:42:14 UTC,,2070,boulder,Semi-Final,Women,finished,2021-04-09 08:12:25 UTC,/api/v1/category_rounds/2070/results,boulder_legacy,Translation missing: en.round_types.boulder_legacy,2,,,,,,,3235,4,/api/v1/routes/3235/startlist,
/api/v1/events/731/result/7,731,full_results_url,IFSC Climbing Worldcup (B) - Vail (USA) 2012 ,BOULDER Women,finished,2025-10-02 07:18:21 UTC,2026-04-22 10:42:14 UTC,,2071,boulder,Final,Women,finished,2021-04-09 08:12:30 UTC,/api/v1/category_rounds/2071/results,boulder_legacy,Translation missing: en.round_types.boulder_legacy,3,,,,,,,3236,1,/api/v1/routes/3236/startlist,
/api/v1/events/731/result/7,731,full_results_url,IFSC Climbing Worldcup (B) - Vail (USA) 2012 ,BOULDER Women,finished,2025-10-02 07:18:21 UTC,2026-04-22 10:42:14 UTC,,2071,boulder,Final,Women,finished,2021-04-09 08:12:30 UTC,/api/v1/category_rounds/2071/results,boulder_legacy,Translation missing: en.round_types.boulder_legacy,3,,,,,,,3237,2,/api/v1/routes/3237/startlist,
/api/v1/events/731/result/7,731,full_results_url,IFSC Climbing Worldcup (B) - Vail (USA) 2012 ,BOULDER Women,finished,2025-10-02 07:18:21 UTC,2026-04-22 10:42:14 UTC,,2071,boulder,Final,Women,finished,2021-04-09 08:12:30 UTC,/api/v1/category_rounds/2071/results,boulder_legacy,Translation missing: en.round_types.boulder_legacy,3,,,,,,,3238,3,/api/v1/routes/3238/startlist,
/api/v1/events/731/result/7,731,full_results_url,IFSC Climbing Worldcup (B) - Vail (USA) 2012 ,BOULDER Women,finished,2025-10-02 07:18:21 UTC,2026-04-22 10:42:14 UTC,,2071,boulder,Final,Women,finished,2021-04-09 08:12:30 UTC,/api/v1/category_rounds/2071/results,boulder_legacy,Translation missing: en.round_types.boulder_legacy,3,,,,,,,3239,4,/api/v1/routes/3239/startlist,
/api/v1/events/732/result/2,732,full_results_url,"IFSC Climbing Worldcup (L,S) - Chamonix (FRA) 2012",SPEED Men,finished,2025-10-02 07:18:21 UTC,2026-04-22 10:44:19 UTC,,2084,speed,Final,Men,finished,2024-01-17 07:25:16 UTC,/api/v1/category_rounds/2084/results,speed_elimination_ifsc,IFSC 2021: Elimination,3,,,,,,,2009,A,/api/v1/routes/2009/startlist,
/api/v1/events/732/result/2,732,full_results_url,"IFSC Climbing Worldcup (L,S) - Chamonix (FRA) 2012",SPEED Men,finished,2025-10-02 07:18:21 UTC,2026-04-22 10:44:19 UTC,,2084,speed,Final,Men,finished,2024-01-17 07:25:16 UTC,/api/v1/category_rounds/2084/results,speed_elimination_ifsc,IFSC 2021: Elimination,3,,,,,,,2010,B,/api/v1/routes/2010/startlist,
/api/v1/events/732/result/6,732,full_results_url,"IFSC Climbing Worldcup (L,S) - Chamonix (FRA) 2012",SPEED Women,finished,2025-10-02 07:18:21 UTC,2026-04-22 10:44:23 UTC,,2079,speed,Final,Women,finished,2024-01-17 07:25:17 UTC,/api/v1/category_rounds/2079/results,speed_elimination_ifsc,IFSC 2021: Elimination,3,,,,,,,2011,A,/api/v1/routes/2011/startlist,
/api/v1/events/732/result/6,732,full_results_url,"IFSC Climbing Worldcup (L,S) - Chamonix (FRA) 2012",SPEED Women,finished,2025-10-02 07:18:21 UTC,2026-04-22 10:44:23 UTC,,2079,speed,Final,Women,finished,2024-01-17 07:25:17 UTC,/api/v1/category_rounds/2079/results,speed_elimination_ifsc,IFSC 2021: Elimination,3,,,,,,,2012,B,/api/v1/routes/2012/startlist,
/api/v1/events/734/result/2,734,full_results_url,IFSC Climbing Worldcup (S) - Val Daone (ITA) 2012,SPEED Men,finished,2025-10-02 07:18:21 UTC,2026-04-22 10:44:51 UTC,,2094,speed,Final,Men,finished,2024-01-17 07:25:23 UTC,/api/v1/category_rounds/2094/results,speed_elimination_ifsc,IFSC 2021: Elimination,3,,,,,,,2013,A,/api/v1/routes/2013/startlist,
/api/v1/events/734/result/2,734,full_results_url,IFSC Climbing Worldcup (S) - Val Daone (ITA) 2012,SPEED Men,finished,2025-10-02 07:18:21 UTC,2026-04-22 10:44:51 UTC,,2094,speed,Final,Men,finished,2024-01-17 07:25:23 UTC,/api/v1/category_rounds/2094/results,speed_elimination_ifsc,IFSC 2021: Elimination,3,,,,,,,2014,B,/api/v1/routes/2014/startlist,
/api/v1/events/734/result/6,734,full_results_url,IFSC Climbing Worldcup (S) - Val Daone (ITA) 2012,SPEED Women,finished,2025-10-02 07:18:21 UTC,2026-04-22 10:44:55 UTC,,2092,speed,Final,Women,finished,2024-01-17 07:25:24 UTC,/api/v1/category_rounds/2092/results,speed_elimination_ifsc,IFSC 2021: Elimination,3,,,,,,,2015,A,/api/v1/routes/2015/startlist,
/api/v1/events/734/result/6,734,full_results_url,IFSC Climbing Worldcup (S) - Val Daone (ITA) 2012,SPEED Women,finished,2025-10-02 07:18:21 UTC,2026-04-22 10:44:55 UTC,,2092,speed,Final,Women,finished,2024-01-17 07:25:24 UTC,/api/v1/category_rounds/2092/results,speed_elimination_ifsc,IFSC 2021: Elimination,3,,,,,,,2016,B,/api/v1/routes/2016/startlist,
/api/v1/events/736/result/3,736,full_results_url,IFSC Climbing Worldcup (B) - Munich (GER) 2012,BOULDER Men,finished,2025-10-02 07:18:21 UTC,2026-04-22 10:45:42 UTC,,2104,boulder,Qualification,Men,finished,2021-04-09 08:12:53 UTC,/api/v1/category_rounds/2104/results,boulder_legacy,Translation missing: en.round_types.boulder_legacy,1,,,,,,,3266,1,/api/v1/routes/3266/startlist,
/api/v1/events/736/result/3,736,full_results_url,IFSC Climbing Worldcup (B) - Munich (GER) 2012,BOULDER Men,finished,2025-10-02 07:18:21 UTC,2026-04-22 10:45:42 UTC,,2104,boulder,Qualification,Men,finished,2021-04-09 08:12:53 UTC,/api/v1/category_rounds/2104/results,boulder_legacy,Translation missing: en.round_types.boulder_legacy,1,,,,,,,3267,2,/api/v1/routes/3267/startlist,
/api/v1/events/736/result/3,736,full_results_url,IFSC Climbing Worldcup (B) - Munich (GER) 2012,BOULDER Men,finished,2025-10-02 07:18:21 UTC,2026-04-22 10:45:42 UTC,,2104,boulder,Qualification,Men,finished,2021-04-09 08:12:53 UTC,/api/v1/category_rounds/2104/results,boulder_legacy,Translation missing: en.round_types.boulder_legacy,1,,,,,,,3268,3,/api/v1/routes/3268/startlist,
/api/v1/events/736/result/3,736,full_results_url,IFSC Climbing Worldcup (B) - Munich (GER) 2012,BOULDER Men,finished,2025-10-02 07:18:21 UTC,2026-04-22 10:45:42 UTC,,2104,boulder,Qualification,Men,finished,2021-04-09 08:12:53 UTC,/api/v1/category_rounds/2104/results,boulder_legacy,Translation missing: en.round_types.boulder_legacy,1,,,,,,,3269,4,/api/v1/routes/3269/startlist,
/api/v1/events/736/result/3,736,full_results_url,IFSC Climbing Worldcup (B) - Munich (GER) 2012,BOULDER Men,finished,2025-10-02 07:18:21 UTC,2026-04-22 10:45:42 UTC,,2104,boulder,Qualification,Men,finished,2021-04-09 08:12:53 UTC,/api/v1/category_rounds/2104/results,boulder_legacy,Translation missing: en.round_types.boulder_legacy,1,,,,,,,3270,5,/api/v1/routes/3270/startlist,
/api/v1/events/736/result/3,736,full_results_url,IFSC Climbing Worldcup (B) - Munich (GER) 2012,BOULDER Men,finished,2025-10-02 07:18:21 UTC,2026-04-22 10:45:42 UTC,,2105,boulder,Semi-Final,Men,finished,2021-04-09 08:13:07 UTC,/api/v1/category_rounds/2105/results,boulder_legacy,Translation missing: en.round_types.boulder_legacy,2,,,,,,,3271,1,/api/v1/routes/3271/startlist,
/api/v1/events/736/result/3,736,full_results_url,IFSC Climbing Worldcup (B) - Munich (GER) 2012,BOULDER Men,finished,2025-10-02 07:18:21 UTC,2026-04-22 10:45:42 UTC,,2105,boulder,Semi-Final,Men,finished,2021-04-09 08:13:07 UTC,/api/v1/category_rounds/2105/results,boulder_legacy,Translation missing: en.round_types.boulder_legacy,2,,,,,,,3272,2,/api/v1/routes/3272/startlist,
/api/v1/events/736/result/3,736,full_results_url,IFSC Climbing Worldcup (B) - Munich (GER) 2012,BOULDER Men,finished,2025-10-02 07:18:21 UTC,2026-04-22 10:45:42 UTC,,2105,boulder,Semi-Final,Men,finished,2021-04-09 08:13:07 UTC,/api/v1/category_rounds/2105/results,boulder_legacy,Translation missing: en.round_types.boulder_legacy,2,,,,,,,3273,3,/api/v1/routes/3273/startlist,
/api/v1/events/736/result/3,736,full_results_url,IFSC Climbing Worldcup (B) - Munich (GER) 2012,BOULDER Men,finished,2025-10-02 07:18:21 UTC,2026-04-22 10:45:42 UTC,,2105,boulder,Semi-Final,Men,finished,2021-04-09 08:13:07 UTC,/api/v1/category_rounds/2105/results,boulder_legacy,Translation missing: en.round_types.boulder_legacy,2,,,,,,,3274,4,/api/v1/routes/3274/startlist,
/api/v1/events/736/result/3,736,full_results_url,IFSC Climbing Worldcup (B) - Munich (GER) 2012,BOULDER Men,finished,2025-10-02 07:18:21 UTC,2026-04-22 10:45:42 UTC,,2106,boulder,Final,Men,finished,2021-04-09 08:13:11 UTC,/api/v1/category_rounds/2106/results,boulder_legacy,Translation missing: en.round_types.boulder_legacy,3,,,,,,,3275,1,/api/v1/routes/3275/startlist,
/api/v1/events/736/result/3,736,full_results_url,IFSC Climbing Worldcup (B) - Munich (GER) 2012,BOULDER Men,finished,2025-10-02 07:18:21 UTC,2026-04-22 10:45:42 UTC,,2106,boulder,Final,Men,finished,2021-04-09 08:13:11 UTC,/api/v1/category_rounds/2106/results,boulder_legacy,Translation missing: en.round_types.boulder_legacy,3,,,,,,,3276,2,/api/v1/routes/3276/startlist,
/api/v1/events/736/result/3,736,full_results_url,IFSC Climbing Worldcup (B) - Munich (GER) 2012,BOULDER Men,finished,2025-10-02 07:18:21 UTC,2026-04-22 10:45:42 UTC,,2106,boulder,Final,Men,finished,2021-04-09 08:13:11 UTC,/api/v1/category_rounds/2106/results,boulder_legacy,Translation missing: en.round_types.boulder_legacy,3,,,,,,,3277,3,/api/v1/routes/3277/startlist,
/api/v1/events/736/result/3,736,full_results_url,IFSC Climbing Worldcup (B) - Munich (GER) 2012,BOULDER Men,finished,2025-10-02 07:18:21 UTC,2026-04-22 10:45:42 UTC,,2106,boulder,Final,Men,finished,2021-04-09 08:13:11 UTC,/api/v1/category_rounds/2106/results,boulder_legacy,Translation missing: en.round_types.boulder_legacy,3,,,,,,,3278,4,/api/v1/routes/3278/startlist,
/api/v1/events/736/result/7,736,full_results_url,IFSC Climbing Worldcup (B) - Munich (GER) 2012,BOULDER Women,finished,2025-10-02 07:18:21 UTC,2026-04-22 10:45:47 UTC,,2101,boulder,Qualification,Women,finished,2021-04-09 08:12:53 UTC,/api/v1/category_rounds/2101/results,boulder_legacy,Translation missing: en.round_types.boulder_legacy,1,,,,,,,3253,1,/api/v1/routes/3253/startlist,
/api/v1/events/736/result/7,736,full_results_url,IFSC Climbing Worldcup (B) - Munich (GER) 2012,BOULDER Women,finished,2025-10-02 07:18:21 UTC,2026-04-22 10:45:47 UTC,,2101,boulder,Qualification,Women,finished,2021-04-09 08:12:53 UTC,/api/v1/category_rounds/2101/results,boulder_legacy,Translation missing: en.round_types.boulder_legacy,1,,,,,,,3254,2,/api/v1/routes/3254/startlist,
/api/v1/events/736/result/7,736,full_results_url,IFSC Climbing Worldcup (B) - Munich (GER) 2012,BOULDER Women,finished,2025-10-02 07:18:21 UTC,2026-04-22 10:45:47 UTC,,2101,boulder,Qualification,Women,finished,2021-04-09 08:12:53 UTC,/api/v1/category_rounds/2101/results,boulder_legacy,Translation missing: en.round_types.boulder_legacy,1,,,,,,,3255,3,/api/v1/routes/3255/startlist,
/api/v1/events/736/result/7,736,full_results_url,IFSC Climbing Worldcup (B) - Munich (GER) 2012,BOULDER Women,finished,2025-10-02 07:18:21 UTC,2026-04-22 10:45:47 UTC,,2101,boulder,Qualification,Women,finished,2021-04-09 08:12:53 UTC,/api/v1/category_rounds/2101/results,boulder_legacy,Translation missing: en.round_types.boulder_legacy,1,,,,,,,3256,4,/api/v1/routes/3256/startlist,
/api/v1/events/736/result/7,736,full_results_url,IFSC Climbing Worldcup (B) - Munich (GER) 2012,BOULDER Women,finished,2025-10-02 07:18:21 UTC,2026-04-22 10:45:47 UTC,,2101,boulder,Qualification,Women,finished,2021-04-09 08:12:53 UTC,/api/v1/category_rounds/2101/results,boulder_legacy,Translation missing: en.round_types.boulder_legacy,1,,,,,,,3257,5,/api/v1/routes/3257/startlist,
/api/v1/events/736/result/7,736,full_results_url,IFSC Climbing Worldcup (B) - Munich (GER) 2012,BOULDER Women,finished,2025-10-02 07:18:21 UTC,2026-04-22 10:45:47 UTC,,2102,boulder,Semi-Final,Women,finished,2021-04-09 08:13:07 UTC,/api/v1/category_rounds/2102/results,boulder_legacy,Translation missing: en.round_types.boulder_legacy,2,,,,,,,3258,1,/api/v1/routes/3258/startlist,
/api/v1/events/736/result/7,736,full_results_url,IFSC Climbing Worldcup (B) - Munich (GER) 2012,BOULDER Women,finished,2025-10-02 07:18:21 UTC,2026-04-22 10:45:47 UTC,,2102,boulder,Semi-Final,Women,finished,2021-04-09 08:13:07 UTC,/api/v1/category_rounds/2102/results,boulder_legacy,Translation missing: en.round_types.boulder_legacy,2,,,,,,,3259,2,/api/v1/routes/3259/startlist,
/api/v1/events/736/result/7,736,full_results_url,IFSC Climbing Worldcup (B) - Munich (GER) 2012,BOULDER Women,finished,2025-10-02 07:18:21 UTC,2026-04-22 10:45:47 UTC,,2102,boulder,Semi-Final,Women,finished,2021-04-09 08:13:07 UTC,/api/v1/category_rounds/2102/results,boulder_legacy,Translation missing: en.round_types.boulder_legacy,2,,,,,,,3260,3,/api/v1/routes/3260/startlist,
/api/v1/events/736/result/7,736,full_results_url,IFSC Climbing Worldcup (B) - Munich (GER) 2012,BOULDER Women,finished,2025-10-02 07:18:21 UTC,2026-04-22 10:45:47 UTC,,2102,boulder,Semi-Final,Women,finished,2021-04-09 08:13:07 UTC,/api/v1/category_rounds/2102/results,boulder_legacy,Translation missing: en.round_types.boulder_legacy,2,,,,,,,3261,4,/api/v1/routes/3261/startlist,
/api/v1/events/736/result/7,736,full_results_url,IFSC Climbing Worldcup (B) - Munich (GER) 2012,BOULDER Women,finished,2025-10-02 07:18:21 UTC,2026-04-22 10:45:47 UTC,,2103,boulder,Final,Women,finished,2021-04-09 08:13:11 UTC,/api/v1/category_rounds/2103/results,boulder_legacy,Translation missing: en.round_types.boulder_legacy,3,,,,,,,3262,1,/api/v1/routes/3262/startlist,
/api/v1/events/736/result/7,736,full_results_url,IFSC Climbing Worldcup (B) - Munich (GER) 2012,BOULDER Women,finished,2025-10-02 07:18:21 UTC,2026-04-22 10:45:47 UTC,,2103,boulder,Final,Women,finished,2021-04-09 08:13:11 UTC,/api/v1/category_rounds/2103/results,boulder_legacy,Translation missing: en.round_types.boulder_legacy,3,,,,,,,3263,2,/api/v1/routes/3263/startlist,
/api/v1/events/736/result/7,736,full_results_url,IFSC Climbing Worldcup (B) - Munich (GER) 2012,BOULDER Women,finished,2025-10-02 07:18:21 UTC,2026-04-22 10:45:47 UTC,,2103,boulder,Final,Women,finished,2021-04-09 08:13:11 UTC,/api/v1/category_rounds/2103/results,boulder_legacy,Translation missing: en.round_types.boulder_legacy,3,,,,,,,3264,3,/api/v1/routes/3264/startlist,
/api/v1/events/736/result/7,736,full_results_url,IFSC Climbing Worldcup (B) - Munich (GER) 2012,BOULDER Women,finished,2025-10-02 07:18:21 UTC,2026-04-22 10:45:47 UTC,,2103,boulder,Final,Women,finished,2021-04-09 08:13:11 UTC,/api/v1/category_rounds/2103/results,boulder_legacy,Translation missing: en.round_types.boulder_legacy,3,,,,,,,3265,4,/api/v1/routes/3265/startlist,
/api/v1/events/737/result/2,737,full_results_url,IFSC Climbing Worldcup (S) - Arco (ITA) 2012,SPEED Men,finished,2025-10-02 07:18:21 UTC,2026-04-22 10:46:29 UTC,,2110,speed,Final,Men,finished,2024-01-17 07:25:45 UTC,/api/v1/category_rounds/2110/results,speed_elimination_ifsc,IFSC 2021: Elimination,3,,,,,,,2017,A,/api/v1/routes/2017/startlist,
/api/v1/events/737/result/2,737,full_results_url,IFSC Climbing Worldcup (S) - Arco (ITA) 2012,SPEED Men,finished,2025-10-02 07:18:21 UTC,2026-04-22 10:46:29 UTC,,2110,speed,Final,Men,finished,2024-01-17 07:25:45 UTC,/api/v1/category_rounds/2110/results,speed_elimination_ifsc,IFSC 2021: Elimination,3,,,,,,,2018,B,/api/v1/routes/2018/startlist,
/api/v1/events/737/result/6,737,full_results_url,IFSC Climbing Worldcup (S) - Arco (ITA) 2012,SPEED Women,finished,2025-10-02 07:18:21 UTC,2026-04-22 10:46:32 UTC,,2108,speed,Final,Women,finished,2024-01-17 07:25:46 UTC,/api/v1/category_rounds/2108/results,speed_elimination_ifsc,IFSC 2021: Elimination,3,,,,,,,2019,A,/api/v1/routes/2019/startlist,
/api/v1/events/737/result/6,737,full_results_url,IFSC Climbing Worldcup (S) - Arco (ITA) 2012,SPEED Women,finished,2025-10-02 07:18:21 UTC,2026-04-22 10:46:32 UTC,,2108,speed,Final,Women,finished,2024-01-17 07:25:46 UTC,/api/v1/category_rounds/2108/results,speed_elimination_ifsc,IFSC 2021: Elimination,3,,,,,,,2020,B,/api/v1/routes/2020/startlist,
/api/v1/events/738/result/3,738,full_results_url,IFSC Climbing World Championship - Paris (FRA) 2012,BOULDER Men,finished,2025-10-02 07:18:21 UTC,2026-04-22 10:46:56 UTC,,2122,boulder,Qualification,Men,finished,2021-04-09 08:13:39 UTC,/api/v1/category_rounds/2122/results,boulder_legacy,Translation missing: en.round_types.boulder_legacy,1,,,,,,,3292,1,/api/v1/routes/3292/startlist,
/api/v1/events/738/result/3,738,full_results_url,IFSC Climbing World Championship - Paris (FRA) 2012,BOULDER Men,finished,2025-10-02 07:18:21 UTC,2026-04-22 10:46:56 UTC,,2122,boulder,Qualification,Men,finished,2021-04-09 08:13:39 UTC,/api/v1/category_rounds/2122/results,boulder_legacy,Translation missing: en.round_types.boulder_legacy,1,,,,,,,3293,2,/api/v1/routes/3293/startlist,
/api/v1/events/738/result/3,738,full_results_url,IFSC Climbing World Championship - Paris (FRA) 2012,BOULDER Men,finished,2025-10-02 07:18:21 UTC,2026-04-22 10:46:56 UTC,,2122,boulder,Qualification,Men,finished,2021-04-09 08:13:39 UTC,/api/v1/category_rounds/2122/results,boulder_legacy,Translation missing: en.round_types.boulder_legacy,1,,,,,,,3294,3,/api/v1/routes/3294/startlist,
/api/v1/events/738/result/3,738,full_results_url,IFSC Climbing World Championship - Paris (FRA) 2012,BOULDER Men,finished,2025-10-02 07:18:21 UTC,2026-04-22 10:46:56 UTC,,2122,boulder,Qualification,Men,finished,2021-04-09 08:13:39 UTC,/api/v1/category_rounds/2122/results,boulder_legacy,Translation missing: en.round_types.boulder_legacy,1,,,,,,,3295,4,/api/v1/routes/3295/startlist,
/api/v1/events/738/result/3,738,full_results_url,IFSC Climbing World Championship - Paris (FRA) 2012,BOULDER Men,finished,2025-10-02 07:18:21 UTC,2026-04-22 10:46:56 UTC,,2122,boulder,Qualification,Men,finished,2021-04-09 08:13:39 UTC,/api/v1/category_rounds/2122/results,boulder_legacy,Translation missing: en.round_types.boulder_legacy,1,,,,,,,3296,5,/api/v1/routes/3296/startlist,
/api/v1/events/738/result/3,738,full_results_url,IFSC Climbing World Championship - Paris (FRA) 2012,BOULDER Men,finished,2025-10-02 07:18:21 UTC,2026-04-22 10:46:56 UTC,,2123,boulder,Semi-Final,Men,finished,2021-04-09 08:13:57 UTC,/api/v1/category_rounds/2123/results,boulder_legacy,Translation missing: en.round_types.boulder_legacy,2,,,,,,,3297,1,/api/v1/routes/3297/startlist,
/api/v1/events/738/result/3,738,full_results_url,IFSC Climbing World Championship - Paris (FRA) 2012,BOULDER Men,finished,2025-10-02 07:18:21 UTC,2026-04-22 10:46:56 UTC,,2123,boulder,Semi-Final,Men,finished,2021-04-09 08:13:57 UTC,/api/v1/category_rounds/2123/results,boulder_legacy,Translation missing: en.round_types.boulder_legacy,2,,,,,,,3298,2,/api/v1/routes/3298/startlist,
/api/v1/events/738/result/3,738,full_results_url,IFSC Climbing World Championship - Paris (FRA) 2012,BOULDER Men,finished,2025-10-02 07:18:21 UTC,2026-04-22 10:46:56 UTC,,2123,boulder,Semi-Final,Men,finished,2021-04-09 08:13:57 UTC,/api/v1/category_rounds/2123/results,boulder_legacy,Translation missing: en.round_types.boulder_legacy,2,,,,,,,3299,3,/api/v1/routes/3299/startlist,
/api/v1/events/738/result/3,738,full_results_url,IFSC Climbing World Championship - Paris (FRA) 2012,BOULDER Men,finished,2025-10-02 07:18:21 UTC,2026-04-22 10:46:56 UTC,,2123,boulder,Semi-Final,Men,finished,2021-04-09 08:13:57 UTC,/api/v1/category_rounds/2123/results,boulder_legacy,Translation missing: en.round_types.boulder_legacy,2,,,,,,,3300,4,/api/v1/routes/3300/startlist,
/api/v1/events/738/result/3,738,full_results_url,IFSC Climbing World Championship - Paris (FRA) 2012,BOULDER Men,finished,2025-10-02 07:18:21 UTC,2026-04-22 10:46:56 UTC,,2124,boulder,Final,Men,finished,2021-04-09 08:14:01 UTC,/api/v1/category_rounds/2124/results,boulder_legacy,Translation missing: en.round_types.boulder_legacy,3,,,,,,,3301,1,/api/v1/routes/3301/startlist,
/api/v1/events/738/result/3,738,full_results_url,IFSC Climbing World Championship - Paris (FRA) 2012,BOULDER Men,finished,2025-10-02 07:18:21 UTC,2026-04-22 10:46:56 UTC,,2124,boulder,Final,Men,finished,2021-04-09 08:14:01 UTC,/api/v1/category_rounds/2124/results,boulder_legacy,Translation missing: en.round_types.boulder_legacy,3,,,,,,,3302,2,/api/v1/routes/3302/startlist,
/api/v1/events/738/result/3,738,full_results_url,IFSC Climbing World Championship - Paris (FRA) 2012,BOULDER Men,finished,2025-10-02 07:18:21 UTC,2026-04-22 10:46:56 UTC,,2124,boulder,Final,Men,finished,2021-04-09 08:14:01 UTC,/api/v1/category_rounds/2124/results,boulder_legacy,Translation missing: en.round_types.boulder_legacy,3,,,,,,,3303,3,/api/v1/routes/3303/startlist,
/api/v1/events/738/result/3,738,full_results_url,IFSC Climbing World Championship - Paris (FRA) 2012,BOULDER Men,finished,2025-10-02 07:18:21 UTC,2026-04-22 10:46:56 UTC,,2124,boulder,Final,Men,finished,2021-04-09 08:14:01 UTC,/api/v1/category_rounds/2124/results,boulder_legacy,Translation missing: en.round_types.boulder_legacy,3,,,,,,,3304,4,/api/v1/routes/3304/startlist,
/api/v1/events/738/result/7,738,full_results_url,IFSC Climbing World Championship - Paris (FRA) 2012,BOULDER Women,finished,2025-10-02 07:18:21 UTC,2026-04-22 10:47:02 UTC,,2114,boulder,Qualification,Women,finished,2021-04-09 08:13:39 UTC,/api/v1/category_rounds/2114/results,boulder_legacy,Translation missing: en.round_types.boulder_legacy,1,,,,,,,3279,1,/api/v1/routes/3279/startlist,
/api/v1/events/738/result/7,738,full_results_url,IFSC Climbing World Championship - Paris (FRA) 2012,BOULDER Women,finished,2025-10-02 07:18:21 UTC,2026-04-22 10:47:02 UTC,,2114,boulder,Qualification,Women,finished,2021-04-09 08:13:39 UTC,/api/v1/category_rounds/2114/results,boulder_legacy,Translation missing: en.round_types.boulder_legacy,1,,,,,,,3280,2,/api/v1/routes/3280/startlist,
/api/v1/events/738/result/7,738,full_results_url,IFSC Climbing World Championship - Paris (FRA) 2012,BOULDER Women,finished,2025-10-02 07:18:21 UTC,2026-04-22 10:47:02 UTC,,2114,boulder,Qualification,Women,finished,2021-04-09 08:13:39 UTC,/api/v1/category_rounds/2114/results,boulder_legacy,Translation missing: en.round_types.boulder_legacy,1,,,,,,,3281,3,/api/v1/routes/3281/startlist,
/api/v1/events/738/result/7,738,full_results_url,IFSC Climbing World Championship - Paris (FRA) 2012,BOULDER Women,finished,2025-10-02 07:18:21 UTC,2026-04-22 10:47:02 UTC,,2114,boulder,Qualification,Women,finished,2021-04-09 08:13:39 UTC,/api/v1/category_rounds/2114/results,boulder_legacy,Translation missing: en.round_types.boulder_legacy,1,,,,,,,3282,4,/api/v1/routes/3282/startlist,
/api/v1/events/738/result/7,738,full_results_url,IFSC Climbing World Championship - Paris (FRA) 2012,BOULDER Women,finished,2025-10-02 07:18:21 UTC,2026-04-22 10:47:02 UTC,,2114,boulder,Qualification,Women,finished,2021-04-09 08:13:39 UTC,/api/v1/category_rounds/2114/results,boulder_legacy,Translation missing: en.round_types.boulder_legacy,1,,,,,,,3283,5,/api/v1/routes/3283/startlist,
/api/v1/events/738/result/7,738,full_results_url,IFSC Climbing World Championship - Paris (FRA) 2012,BOULDER Women,finished,2025-10-02 07:18:21 UTC,2026-04-22 10:47:02 UTC,,2115,boulder,Semi-Final,Women,finished,2021-04-09 08:13:57 UTC,/api/v1/category_rounds/2115/results,boulder_legacy,Translation missing: en.round_types.boulder_legacy,2,,,,,,,3284,1,/api/v1/routes/3284/startlist,
/api/v1/events/738/result/7,738,full_results_url,IFSC Climbing World Championship - Paris (FRA) 2012,BOULDER Women,finished,2025-10-02 07:18:21 UTC,2026-04-22 10:47:02 UTC,,2115,boulder,Semi-Final,Women,finished,2021-04-09 08:13:57 UTC,/api/v1/category_rounds/2115/results,boulder_legacy,Translation missing: en.round_types.boulder_legacy,2,,,,,,,3285,2,/api/v1/routes/3285/startlist,
/api/v1/events/738/result/7,738,full_results_url,IFSC Climbing World Championship - Paris (FRA) 2012,BOULDER Women,finished,2025-10-02 07:18:21 UTC,2026-04-22 10:47:02 UTC,,2115,boulder,Semi-Final,Women,finished,2021-04-09 08:13:57 UTC,/api/v1/category_rounds/2115/results,boulder_legacy,Translation missing: en.round_types.boulder_legacy,2,,,,,,,3286,3,/api/v1/routes/3286/startlist,
/api/v1/events/738/result/7,738,full_results_url,IFSC Climbing World Championship - Paris (FRA) 2012,BOULDER Women,finished,2025-10-02 07:18:21 UTC,2026-04-22 10:47:02 UTC,,2115,boulder,Semi-Final,Women,finished,2021-04-09 08:13:57 UTC,/api/v1/category_rounds/2115/results,boulder_legacy,Translation missing: en.round_types.boulder_legacy,2,,,,,,,3287,4,/api/v1/routes/3287/startlist,
/api/v1/events/738/result/7,738,full_results_url,IFSC Climbing World Championship - Paris (FRA) 2012,BOULDER Women,finished,2025-10-02 07:18:21 UTC,2026-04-22 10:47:02 UTC,,2116,boulder,Final,Women,finished,2021-04-09 08:14:01 UTC,/api/v1/category_rounds/2116/results,boulder_legacy,Translation missing: en.round_types.boulder_legacy,3,,,,,,,3288,1,/api/v1/routes/3288/startlist,
/api/v1/events/738/result/7,738,full_results_url,IFSC Climbing World Championship - Paris (FRA) 2012,BOULDER Women,finished,2025-10-02 07:18:21 UTC,2026-04-22 10:47:02 UTC,,2116,boulder,Final,Women,finished,2021-04-09 08:14:01 UTC,/api/v1/category_rounds/2116/results,boulder_legacy,Translation missing: en.round_types.boulder_legacy,3,,,,,,,3289,2,/api/v1/routes/3289/startlist,
/api/v1/events/738/result/7,738,full_results_url,IFSC Climbing World Championship - Paris (FRA) 2012,BOULDER Women,finished,2025-10-02 07:18:21 UTC,2026-04-22 10:47:02 UTC,,2116,boulder,Final,Women,finished,2021-04-09 08:14:01 UTC,/api/v1/category_rounds/2116/results,boulder_legacy,Translation missing: en.round_types.boulder_legacy,3,,,,,,,3290,3,/api/v1/routes/3290/startlist,
/api/v1/events/738/result/7,738,full_results_url,IFSC Climbing World Championship - Paris (FRA) 2012,BOULDER Women,finished,2025-10-02 07:18:21 UTC,2026-04-22 10:47:02 UTC,,2116,boulder,Final,Women,finished,2021-04-09 08:14:01 UTC,/api/v1/category_rounds/2116/results,boulder_legacy,Translation missing: en.round_types.boulder_legacy,3,,,,,,,3291,4,/api/v1/routes/3291/startlist,
/api/v1/events/738/result/2,738,full_results_url,IFSC Climbing World Championship - Paris (FRA) 2012,SPEED Men,finished,2025-10-02 07:18:21 UTC,2026-04-22 10:47:07 UTC,,2126,speed,Final,Men,finished,2024-01-17 07:25:53 UTC,/api/v1/category_rounds/2126/results,speed_elimination_ifsc,IFSC 2021: Elimination,3,,,,,,,2021,A,/api/v1/routes/2021/startlist,
/api/v1/events/738/result/2,738,full_results_url,IFSC Climbing World Championship - Paris (FRA) 2012,SPEED Men,finished,2025-10-02 07:18:21 UTC,2026-04-22 10:47:07 UTC,,2126,speed,Final,Men,finished,2024-01-17 07:25:53 UTC,/api/v1/category_rounds/2126/results,speed_elimination_ifsc,IFSC 2021: Elimination,3,,,,,,,2022,B,/api/v1/routes/2022/startlist,
/api/v1/events/738/result/6,738,full_results_url,IFSC Climbing World Championship - Paris (FRA) 2012,SPEED Women,finished,2025-10-02 07:18:21 UTC,2026-04-22 10:47:10 UTC,,2118,speed,Final,Women,finished,2024-01-17 07:25:54 UTC,/api/v1/category_rounds/2118/results,speed_elimination_ifsc,IFSC 2021: Elimination,3,,,,,,,2023,A,/api/v1/routes/2023/startlist,
/api/v1/events/738/result/6,738,full_results_url,IFSC Climbing World Championship - Paris (FRA) 2012,SPEED Women,finished,2025-10-02 07:18:21 UTC,2026-04-22 10:47:10 UTC,,2118,speed,Final,Women,finished,2024-01-17 07:25:54 UTC,/api/v1/category_rounds/2118/results,speed_elimination_ifsc,IFSC 2021: Elimination,3,,,,,,,2024,B,/api/v1/routes/2024/startlist,
/api/v1/events/743/result/2,743,full_results_url,"IFSC Climbing Worldcup (L,S) - Xining (CHN) 2012",SPEED Men,finished,2025-10-02 07:18:21 UTC,2026-04-22 10:48:04 UTC,,2152,speed,Final,Men,finished,2024-01-17 07:26:04 UTC,/api/v1/category_rounds/2152/results,speed_elimination_ifsc,IFSC 2021: Elimination,3,,,,,,,2025,A,/api/v1/routes/2025/startlist,
/api/v1/events/743/result/2,743,full_results_url,"IFSC Climbing Worldcup (L,S) - Xining (CHN) 2012",SPEED Men,finished,2025-10-02 07:18:21 UTC,2026-04-22 10:48:04 UTC,,2152,speed,Final,Men,finished,2024-01-17 07:26:04 UTC,/api/v1/category_rounds/2152/results,speed_elimination_ifsc,IFSC 2021: Elimination,3,,,,,,,2026,B,/api/v1/routes/2026/startlist,
/api/v1/events/743/result/6,743,full_results_url,"IFSC Climbing Worldcup (L,S) - Xining (CHN) 2012",SPEED Women,finished,2025-10-02 07:18:21 UTC,2026-04-22 10:48:08 UTC,,2147,speed,Final,Women,finished,2024-01-17 07:26:05 UTC,/api/v1/category_rounds/2147/results,speed_elimination_ifsc,IFSC 2021: Elimination,3,,,,,,,2027,A,/api/v1/routes/2027/startlist,
/api/v1/events/743/result/6,743,full_results_url,"IFSC Climbing Worldcup (L,S) - Xining (CHN) 2012",SPEED Women,finished,2025-10-02 07:18:21 UTC,2026-04-22 10:48:08 UTC,,2147,speed,Final,Women,finished,2024-01-17 07:26:05 UTC,/api/v1/category_rounds/2147/results,speed_elimination_ifsc,IFSC 2021: Elimination,3,,,,,,,2028,B,/api/v1/routes/2028/startlist,
/api/v1/events/744/result/2,744,full_results_url,"IFSC Climbing Worldcup (L,S) - Mokpo (KOR) 2012 ",SPEED Men,finished,2025-10-02 07:18:21 UTC,2026-04-22 10:48:18 UTC,,2162,speed,Final,Men,finished,2024-01-17 07:26:08 UTC,/api/v1/category_rounds/2162/results,speed_elimination_ifsc,IFSC 2021: Elimination,3,,,,,,,2029,A,/api/v1/routes/2029/startlist,
/api/v1/events/744/result/2,744,full_results_url,"IFSC Climbing Worldcup (L,S) - Mokpo (KOR) 2012 ",SPEED Men,finished,2025-10-02 07:18:21 UTC,2026-04-22 10:48:18 UTC,,2162,speed,Final,Men,finished,2024-01-17 07:26:08 UTC,/api/v1/category_rounds/2162/results,speed_elimination_ifsc,IFSC 2021: Elimination,3,,,,,,,2030,B,/api/v1/routes/2030/startlist,
/api/v1/events/744/result/6,744,full_results_url,"IFSC Climbing Worldcup (L,S) - Mokpo (KOR) 2012 ",SPEED Women,finished,2025-10-02 07:18:21 UTC,2026-04-22 10:48:21 UTC,,2157,speed,Final,Women,finished,2024-01-17 07:26:09 UTC,/api/v1/category_rounds/2157/results,speed_elimination_ifsc,IFSC 2021: Elimination,3,,,,,,,2031,A,/api/v1/routes/2031/startlist,
/api/v1/events/744/result/6,744,full_results_url,"IFSC Climbing Worldcup (L,S) - Mokpo (KOR) 2012 ",SPEED Women,finished,2025-10-02 07:18:21 UTC,2026-04-22 10:48:21 UTC,,2157,speed,Final,Women,finished,2024-01-17 07:26:09 UTC,/api/v1/category_rounds/2157/results,speed_elimination_ifsc,IFSC 2021: Elimination,3,,,,,,,2032,B,/api/v1/routes/2032/startlist,
