Local,Date,Href
W-Wi,27/04/1990 – 28/04/1990,https://ifsc.results.info/event/88/
O-Ma,26/07/1990 – 27/07/1990,https://ifsc.results.info/event/94/
O-Wi,27/04/1990 – 28/04/1990,https://ifsc.results.info/event/89/
W-Ma,26/07/1990 – 27/07/1990,https://ifsc.results.info/event/95/
W-Be,18/08/1990 – 19/08/1990,https://ifsc.results.info/event/90/
O-Be,18/08/1990 – 19/08/1990,https://ifsc.results.info/event/96/
O-Nü,31/10/1990 – 01/11/1990,https://ifsc.results.info/event/91/
W-Nü,31/10/1990 – 01/11/1990,https://ifsc.results.info/event/97/
O-Ly,14/11/1990 – 15/11/1990,https://ifsc.results.info/event/92/
W-Ly,14/11/1990 – 15/11/1990,https://ifsc.results.info/event/98/
O-Ba,13/12/1990 – 14/12/1990,https://ifsc.results.info/event/93/
W-Ba,13/12/1990 – 14/12/1990,https://ifsc.results.info/event/99/
O-Wi,25/04/1991 – 26/04/1991,https://ifsc.results.info/event/100/
O-Cl,19/08/1991 – 20/08/1991,https://ifsc.results.info/event/108/
W-Wi,25/04/1991 – 26/04/1991,https://ifsc.results.info/event/112/
W-Cl,29/08/1991 – 30/08/1991,https://ifsc.results.info/event/101/
W-In,19/09/1991 – 20/09/1991,https://ifsc.results.info/event/102/
O-In,19/09/1991 – 20/09/1991,https://ifsc.results.info/event/107/
WM-F,01/10/1991 – 02/10/1991,https://ifsc.results.info/event/103/
W-To,15/10/1991 – 16/10/1991,https://ifsc.results.info/event/104/
O-To,15/10/1991 – 16/10/1991,https://ifsc.results.info/event/109/
W-Nü,30/10/1991 – 31/10/1991,https://ifsc.results.info/event/105/
O-Nü,30/10/1991 – 31/10/1991,https://ifsc.results.info/event/110/
W-Bi,04/12/1991 – 05/12/1991,https://ifsc.results.info/event/106/
O-Bi,04/12/1991 – 05/12/1991,https://ifsc.results.info/event/111/
M-Ch,29/01/1992 – 30/01/1992,https://ifsc.results.info/event/121/
W-Zü,30/04/1992 – 01/05/1992,https://ifsc.results.info/event/119/
J-WM,26/02/1992 – 27/02/1992,https://ifsc.results.info/event/113/
M-Ar,31/08/1992 – 01/09/1992,https://ifsc.results.info/event/122/
M-Se,20/07/1992 – 21/07/1992,https://ifsc.results.info/event/123/
EM-F,17/09/1992 – 18/09/1992,https://ifsc.results.info/event/120/
W-Ko,07/10/1992 – 08/10/1992,https://ifsc.results.info/event/114/
W-Nü,29/10/1992 – 30/10/1992,https://ifsc.results.info/event/115/
W-La,19/11/1992 – 20/11/1992,https://ifsc.results.info/event/116/
W-Pö,13/11/1992 – 14/11/1992,https://ifsc.results.info/event/117/
W-Bi,10/12/1992 – 11/12/1992,https://ifsc.results.info/event/118/
WM-I,29/04/1993 – 30/04/1993,https://ifsc.results.info/event/124/
W-Fr,01/04/1993 – 02/04/1993,https://ifsc.results.info/event/125/
W-Zü,14/05/1993 – 15/05/1993,https://ifsc.results.info/event/126/
M-Py,20/05/1993 – 21/05/1993,https://ifsc.results.info/event/131/
M-Se,21/07/1993 – 22/07/1993,https://ifsc.results.info/event/127/
W-To,27/05/1993 – 28/05/1993,https://ifsc.results.info/event/132/
W-Bu,26/08/1993 – 27/08/1993,https://ifsc.results.info/event/128/
W-Nü,04/11/1993 – 05/11/1993,https://ifsc.results.info/event/133/
M-Ar,10/09/1993 – 11/09/1993,https://ifsc.results.info/event/129/
W-Vi,15/04/1994 – 16/04/1994,https://ifsc.results.info/event/130/
W-La,09/12/1993 – 10/12/1993,https://ifsc.results.info/event/134/
M-Se,20/07/1994 – 21/07/1994,https://ifsc.results.info/event/135/
M-LA,27/07/1994 – 28/07/1994,https://ifsc.results.info/event/140/
W-Mo,28/04/1994 – 29/04/1994,https://ifsc.results.info/event/141/
M-Ar,09/09/1994 – 10/09/1994,https://ifsc.results.info/event/142/
94-JWM,21/10/1994 – 22/10/1994,https://ifsc.results.info/event/139/
W-Ai,17/11/1994 – 18/11/1994,https://ifsc.results.info/event/137/
W-Fr,06/04/1995 – 07/04/1995,https://ifsc.results.info/event/138/
W-Bi,25/11/1994 – 26/11/1994,https://ifsc.results.info/event/143/
WM-G,05/05/1995 – 06/05/1995,https://ifsc.results.info/event/145/
M-Se,28/07/1995 – 29/07/1995,https://ifsc.results.info/event/149/
M-LA,06/08/1995 – 07/08/1995,https://ifsc.results.info/event/150/
95JWM,05/10/1995 – 06/10/1995,https://ifsc.results.info/event/151/
M-Ar,09/09/1995 – 10/09/1995,https://ifsc.results.info/event/148/
W-Mo,21/10/1995 – 22/10/1995,https://ifsc.results.info/event/144/
W-Bi,24/11/1995 – 25/11/1995,https://ifsc.results.info/event/146/
W-Ai,07/12/1995 – 08/12/1995,https://ifsc.results.info/event/147/
E-Dortmund,07/06/1996 – 08/06/1996,https://ifsc.results.info/event/155/
ESPN,24/06/1996 – 25/06/1996,https://ifsc.results.info/event/156/
E-Ravenna,28/06/1996 – 29/06/1996,https://ifsc.results.info/event/161/
M-Se,24/07/1996 – 25/07/1996,https://ifsc.results.info/event/157/
M-Ar,06/09/1996 – 07/09/1996,https://ifsc.results.info/event/162/
EmPa,27/01/1996 – 28/01/1996,https://ifsc.results.info/event/163/
E-Skofja Loka,13/09/1996 – 14/09/1996,https://ifsc.results.info/event/158/
W-Ekaterinburg,18/09/1996 – 19/09/1996,https://ifsc.results.info/event/152/
E-Bern,27/09/1996 – 28/09/1996,https://ifsc.results.info/event/159/
W-Kranj,23/11/1996 – 24/11/1996,https://ifsc.results.info/event/160/
E-Prag,25/10/1996 – 26/10/1996,https://ifsc.results.info/event/153/
W-Graz,14/12/1996 – 15/12/1996,https://ifsc.results.info/event/154/
WM,31/01/1997 – 01/02/1997,https://ifsc.results.info/event/164/
E-Bolzano,03/05/1997 – 04/05/1997,https://ifsc.results.info/event/171/
E-Dortmund,31/05/1997 – 01/06/1997,https://ifsc.results.info/event/172/
X-Gam,22/06/1997 – 23/06/1997,https://ifsc.results.info/event/176/
M-Se,26/07/1997 – 27/07/1997,https://ifsc.results.info/event/173/
E-Chocen,28/06/1997 – 29/06/1997,https://ifsc.results.info/event/177/
E-Bern,23/08/1997 – 24/08/1997,https://ifsc.results.info/event/174/
E-Parma,20/09/1997 – 21/09/1997,https://ifsc.results.info/event/165/
W-Pr,23/10/1997 – 24/10/1997,https://ifsc.results.info/event/178/
M-Ar,12/09/1997 – 13/09/1997,https://ifsc.results.info/event/175/
W-Co,04/09/1997 – 05/09/1997,https://ifsc.results.info/event/166/
W-Kr,08/11/1997 – 09/11/1997,https://ifsc.results.info/event/167/
JWM,13/11/1997 – 14/11/1997,https://ifsc.results.info/event/170/
W-Bi,28/11/1997 – 29/11/1997,https://ifsc.results.info/event/168/
W-Im,21/11/1997 – 22/11/1997,https://ifsc.results.info/event/169/
EC-Nürnberg,02/04/1998 – 03/04/1998,https://ifsc.results.info/event/184/
E-Dortmund,11/06/1998 – 12/06/1998,https://ifsc.results.info/event/185/
E-Triest,03/07/1998 – 04/07/1998,https://ifsc.results.info/event/186/
E-Imst,10/07/1998 – 11/07/1998,https://ifsc.results.info/event/187/
T-V.d'Isere,11/07/1998 – 12/07/1998,https://ifsc.results.info/event/189/
J_WM,15/07/1998 – 16/07/1998,https://ifsc.results.info/event/183/
T-Chamonix,16/07/1998 – 17/07/1998,https://ifsc.results.info/event/190/
M-Serre Chevalier,22/07/1998 – 23/07/1998,https://ifsc.results.info/event/191/
W-Beauregard,31/07/1998 – 01/08/1998,https://ifsc.results.info/event/179/
T-Cortina,13/08/1998 – 14/08/1998,https://ifsc.results.info/event/192/
T-Valloire,06/08/1998 – 07/08/1998,https://ifsc.results.info/event/193/
T-Cr.Montana,21/08/1998 – 22/08/1998,https://ifsc.results.info/event/194/
T-Grenoble,27/08/1998 – 28/08/1998,https://ifsc.results.info/event/195/
W-Courmayeur,03/09/1998 – 04/09/1998,https://ifsc.results.info/event/180/
M-Arco,11/09/1998 – 12/09/1998,https://ifsc.results.info/event/196/
W-Milan,08/10/1998 – 09/10/1998,https://ifsc.results.info/event/181/
E-Aix en Provence,30/10/1998 – 31/10/1998,https://ifsc.results.info/event/188/
W-Kranj,13/11/1998 – 14/11/1998,https://ifsc.results.info/event/182/
Wien,15/04/1999 – 16/04/1999,https://ifsc.results.info/event/197/
W-Leipzig,27/05/1999 – 28/05/1999,https://ifsc.results.info/event/1170/
W-Besancon,09/06/1999 – 10/06/1999,https://ifsc.results.info/event/198/
Imst,09/07/1999 – 10/07/1999,https://ifsc.results.info/event/199/
WC Benasque,02/07/1999 – 03/07/1999,https://ifsc.results.info/event/209/
WC Val d'Isere,10/07/1999 – 11/07/1999,https://ifsc.results.info/event/200/
WC Chamonix,16/07/1999 – 17/07/1999,https://ifsc.results.info/event/201/
Ma Serre-Chev.,21/07/1999 – 22/07/1999,https://ifsc.results.info/event/213/
WC Beauregard,23/07/1999 – 24/07/1999,https://ifsc.results.info/event/202/
WC Bardonecchia,30/07/1999 – 31/07/1999,https://ifsc.results.info/event/203/
WC Cortina,12/08/1999 – 13/08/1999,https://ifsc.results.info/event/204/
Bern,13/08/1999 – 14/08/1999,https://ifsc.results.info/event/210/
WC Grenoble,27/08/1999 – 28/08/1999,https://ifsc.results.info/event/205/
IE Arco,09/09/1999 – 10/09/1999,https://ifsc.results.info/event/208/
JWM,02/09/1999 – 03/09/1999,https://ifsc.results.info/event/214/
Albertville,15/10/1999 – 16/10/1999,https://ifsc.results.info/event/211/
W-Kranj,11/11/1999 – 12/11/1999,https://ifsc.results.info/event/206/
Amsterdam,26/11/1999 – 27/11/1999,https://ifsc.results.info/event/212/
WM Birmingham,02/12/1999 – 03/12/1999,https://ifsc.results.info/event/207/
IE Sheffield,06/12/1999 – 07/12/1999,https://ifsc.results.info/event/215/
Konitsa,26/05/2000 – 27/05/2000,https://ifsc.results.info/event/216/
Milau,31/05/2000 – 01/06/2000,https://ifsc.results.info/event/217/
Imst,02/06/2000 – 03/06/2000,https://ifsc.results.info/event/231/
Chamonix,11/07/2000 – 12/07/2000,https://ifsc.results.info/event/218/
Serre Chevalier,19/07/2000 – 20/07/2000,https://ifsc.results.info/event/235/
Beauregard,21/07/2000 – 22/07/2000,https://ifsc.results.info/event/236/
Serre Chevalier,16/07/2000 – 17/07/2000,https://ifsc.results.info/event/219/
L'Argentiere,24/07/2000 – 25/07/2000,https://ifsc.results.info/event/237/
München,03/08/2000 – 04/08/2000,https://ifsc.results.info/event/220/
Grenoble,31/08/2000 – 01/09/2000,https://ifsc.results.info/event/221/
Peru,31/08/2000 – 01/09/2000,https://ifsc.results.info/event/227/
Amsterdam,31/08/2000 – 01/09/2000,https://ifsc.results.info/event/234/
Arco,08/09/2000 – 09/09/2000,https://ifsc.results.info/event/238/
Beijing,14/09/2000 – 15/09/2000,https://ifsc.results.info/event/229/
Rovereto,15/09/2000 – 16/09/2000,https://ifsc.results.info/event/222/
Lecco,22/09/2000 – 23/09/2000,https://ifsc.results.info/event/223/
Courmayeur,28/09/2000 – 29/09/2000,https://ifsc.results.info/event/224/
EM München,06/10/2000 – 07/10/2000,https://ifsc.results.info/event/230/
Scheidegg,13/10/2000 – 14/10/2000,https://ifsc.results.info/event/239/
L'Aprica,27/10/2000 – 28/10/2000,https://ifsc.results.info/event/232/
Nantes,01/11/2000 – 02/11/2000,https://ifsc.results.info/event/225/
Kranj,16/11/2000 – 17/11/2000,https://ifsc.results.info/event/226/
Kuala Lumpur,23/11/2000 – 24/11/2000,https://ifsc.results.info/event/228/
Kranj,01/12/2000 – 02/12/2000,https://ifsc.results.info/event/233/
Berkeley,02/02/2001 – 04/02/2001,https://ifsc.results.info/event/263/
Malmö,16/03/2001 – 17/03/2001,https://ifsc.results.info/event/264/
Apatity (Speed),28/03/2001 – 29/03/2001,https://ifsc.results.info/event/256/
Apatity,30/03/2001 – 01/04/2001,https://ifsc.results.info/event/257/
Trieste,06/04/2001 – 07/04/2001,https://ifsc.results.info/event/258/
Fontainebleau,07/06/2001 – 08/06/2001,https://ifsc.results.info/event/265/
Imst,15/06/2001 – 16/06/2001,https://ifsc.results.info/event/259/
YWC Imst 2001 SPEED,21/06/2001 – 24/06/2001,https://ifsc.results.info/event/251/
YWC Imst 2001,21/06/2001 – 24/06/2001,https://ifsc.results.info/event/250/
Gap,29/06/2001 – 30/06/2001,https://ifsc.results.info/event/240/
Chamonix,11/07/2001 – 15/07/2001,https://ifsc.results.info/event/260/
Arco,29/06/2001 – 30/06/2001,https://ifsc.results.info/event/241/
Lake Placid,12/07/2001 – 15/07/2001,https://ifsc.results.info/event/267/
Hood River,19/07/2001 – 21/07/2001,https://ifsc.results.info/event/268/
Munich,21/07/2001 – 22/07/2001,https://ifsc.results.info/event/269/
Serre-Chevalier,19/07/2001 – 20/07/2001,https://ifsc.results.info/event/242/
Teheran,25/07/2001 – 27/07/2001,https://ifsc.results.info/event/255/
L'Argentiere,26/07/2001 – 27/07/2001,https://ifsc.results.info/event/270/
Rovereto,31/08/2001 – 01/09/2001,https://ifsc.results.info/event/243/
Arco,14/09/2001 – 16/09/2001,https://ifsc.results.info/event/244/
Winterthur,05/09/2001 – 08/09/2001,https://ifsc.results.info/event/252/
Kunming,13/09/2001 – 14/09/2001,https://ifsc.results.info/event/271/
Lecco,21/09/2001 – 22/09/2001,https://ifsc.results.info/event/245/
Grenoble,05/10/2001 – 07/10/2001,https://ifsc.results.info/event/272/
Scheidegg,13/10/2001,https://ifsc.results.info/event/261/
Aprica,12/10/2001 – 13/10/2001,https://ifsc.results.info/event/273/
Aprica,18/10/2001 – 19/10/2001,https://ifsc.results.info/event/246/
Trieste,19/10/2001 – 21/10/2001,https://ifsc.results.info/event/266/
WarSaw,09/11/2001 – 10/11/2001,https://ifsc.results.info/event/253/
Kuala Lumpur,02/11/2001 – 04/11/2001,https://ifsc.results.info/event/247/
Taipei,23/11/2001 – 24/11/2001,https://ifsc.results.info/event/274/
Jakarta,26/10/2001 – 27/10/2001,https://ifsc.results.info/event/248/
Kranj,16/11/2001 – 18/11/2001,https://ifsc.results.info/event/254/
Birmingham,06/12/2001 – 07/12/2001,https://ifsc.results.info/event/249/
Birmingham,07/12/2001 – 09/12/2001,https://ifsc.results.info/event/262/
Marseille,12/04/2002 – 13/04/2002,https://ifsc.results.info/event/297/
Latin American,31/12/2001 – 01/01/2002,https://ifsc.results.info/event/299/
Klimax,20/04/2002,https://ifsc.results.info/event/300/
Yekaterinburg 3,25/05/2002 – 26/05/2002,https://ifsc.results.info/event/275/
Imst,06/06/2002 – 07/06/2002,https://ifsc.results.info/event/276/
Yekaterinburg 2,22/05/2002,https://ifsc.results.info/event/277/
Fiera di Primiero,13/06/2002 – 14/06/2002,https://ifsc.results.info/event/278/
Bolzano,26/04/2002 – 28/04/2002,https://ifsc.results.info/event/279/
Yekaterinburg,17/05/2002 – 19/05/2002,https://ifsc.results.info/event/280/
Imst,14/06/2002 – 15/06/2002,https://ifsc.results.info/event/293/
Arco,21/06/2002 – 22/06/2002,https://ifsc.results.info/event/294/
Arco Junior,21/06/2002 – 23/06/2002,https://ifsc.results.info/event/301/
Lecco,24/06/2002,https://ifsc.results.info/event/281/
Lecco,25/06/2002 – 26/06/2002,https://ifsc.results.info/event/282/
Lecco,28/06/2002 – 29/06/2002,https://ifsc.results.info/event/283/
Chamonix,11/07/2002 – 14/07/2002,https://ifsc.results.info/event/292/
Serre Chevalier,18/07/2002 – 19/07/2002,https://ifsc.results.info/event/302/
Daone,28/07/2002,https://ifsc.results.info/event/303/
Singapore,23/08/2002 – 25/08/2002,https://ifsc.results.info/event/304/
L'Argentière,25/07/2002 – 26/07/2002,https://ifsc.results.info/event/284/
Arco,06/09/2002 – 07/09/2002,https://ifsc.results.info/event/305/
Canteleu,26/09/2002 – 27/09/2002,https://ifsc.results.info/event/285/
Rovereto,13/09/2002 – 14/09/2002,https://ifsc.results.info/event/288/
Canteleu,27/09/2002 – 28/09/2002,https://ifsc.results.info/event/289/
Toyama,11/10/2002 – 12/10/2002,https://ifsc.results.info/event/290/
North American Youth,08/11/2002 – 09/11/2002,https://ifsc.results.info/event/286/
Aprica,17/10/2002 – 18/10/2002,https://ifsc.results.info/event/298/
Veliko Tarnovo,08/11/2002 – 09/11/2002,https://ifsc.results.info/event/295/
Kranj,15/11/2002 – 17/11/2002,https://ifsc.results.info/event/287/
Kranj,22/11/2002 – 23/11/2002,https://ifsc.results.info/event/296/
Schengzheng,06/12/2002 – 07/12/2002,https://ifsc.results.info/event/306/
Malaysia,20/12/2002 – 21/12/2002,https://ifsc.results.info/event/291/
North American Youth,31/12/2002 – 01/01/2003,https://ifsc.results.info/event/333/
Birmingham,14/03/2003 – 16/03/2003,https://ifsc.results.info/event/335/
Marseille,25/04/2003 – 26/04/2003,https://ifsc.results.info/event/336/
Imst,16/05/2003 – 17/05/2003,https://ifsc.results.info/event/334/
Imst,22/05/2003 – 23/05/2003,https://ifsc.results.info/event/328/
Mexico,23/05/2003 – 25/05/2003,https://ifsc.results.info/event/307/
Oslo,02/05/2003 – 03/05/2003,https://ifsc.results.info/event/332/
Rock Junior,30/05/2003 – 31/05/2003,https://ifsc.results.info/event/337/
Arco,30/05/2003 – 31/05/2003,https://ifsc.results.info/event/308/
Yekaterinburg B+S,30/05/2003 – 01/06/2003,https://ifsc.results.info/event/329/
Yekaterinburg S,04/06/2003,https://ifsc.results.info/event/309/
YCCF Imst,06/06/2003 – 07/06/2003,https://ifsc.results.info/event/338/
Yekaterinburg D+S,06/06/2003 – 08/06/2003,https://ifsc.results.info/event/310/
Fiera di Primiero,13/06/2003 – 15/06/2003,https://ifsc.results.info/event/311/
Lecco Bouldern,24/06/2003 – 25/06/2003,https://ifsc.results.info/event/312/
Lecco Speed,23/06/2003,https://ifsc.results.info/event/313/
Lecco,27/06/2003 – 28/06/2003,https://ifsc.results.info/event/314/
Ravenna,27/06/2003 – 29/06/2003,https://ifsc.results.info/event/339/
Daone,30/06/2003 – 01/07/2003,https://ifsc.results.info/event/340/
Serre Chevalier,17/07/2003 – 18/07/2003,https://ifsc.results.info/event/341/
Val Daone,25/07/2003 – 26/07/2003,https://ifsc.results.info/event/315/
Argentiere,24/07/2003 – 25/07/2003,https://ifsc.results.info/event/342/
Zaragosa,04/07/2003 – 05/07/2003,https://ifsc.results.info/event/316/
Chamonix,09/07/2003 – 13/07/2003,https://ifsc.results.info/event/317/
Aviles,21/08/2003 – 22/08/2003,https://ifsc.results.info/event/318/
Beijing,22/08/2003 – 23/08/2003,https://ifsc.results.info/event/327/
Grenoble,28/08/2003 – 29/08/2003,https://ifsc.results.info/event/343/
Rovereto,11/09/2003 – 12/09/2003,https://ifsc.results.info/event/319/
Bern,12/09/2003 – 13/09/2003,https://ifsc.results.info/event/330/
La Colmiane,18/09/2003 – 19/09/2003,https://ifsc.results.info/event/344/
Veliko Tarnovo,19/09/2003 – 21/09/2003,https://ifsc.results.info/event/326/
Brno,27/09/2003,https://ifsc.results.info/event/345/
Arco,26/09/2003 – 27/09/2003,https://ifsc.results.info/event/346/
Aprica,02/10/2003 – 03/10/2003,https://ifsc.results.info/event/320/
Prague,10/10/2003 – 11/10/2003,https://ifsc.results.info/event/321/
Valence,30/10/2003 – 31/10/2003,https://ifsc.results.info/event/322/
Shenzen,21/11/2003 – 23/11/2003,https://ifsc.results.info/event/323/
Kranj,14/11/2003 – 16/11/2003,https://ifsc.results.info/event/324/
Nordic Championship,27/02/2004 – 28/02/2004,https://ifsc.results.info/event/331/
Edinburgh,04/12/2003 – 07/12/2003,https://ifsc.results.info/event/325/
Birmingham,02/04/2004 – 04/04/2004,https://ifsc.results.info/event/374/
Kranj,22/11/2003 – 23/11/2003,https://ifsc.results.info/event/347/
Marseille,14/04/2004 – 15/04/2004,https://ifsc.results.info/event/366/
EYC Geneva,02/04/2004 – 03/04/2004,https://ifsc.results.info/event/376/
Puurs,23/04/2004 – 25/04/2004,https://ifsc.results.info/event/348/
Erlangen,15/04/2004 – 16/04/2004,https://ifsc.results.info/event/349/
Melloblocco,07/05/2004 – 08/05/2004,https://ifsc.results.info/event/377/
EYC Imst,14/05/2004 – 15/05/2004,https://ifsc.results.info/event/367/
Imst,28/05/2004 – 29/05/2004,https://ifsc.results.info/event/375/
Youth Arco,28/05/2004 – 29/05/2004,https://ifsc.results.info/event/378/
Youth Imnt,04/06/2004 – 05/06/2004,https://ifsc.results.info/event/350/
Fiera di Primiero,18/06/2004 – 20/06/2004,https://ifsc.results.info/event/379/
European Champ.,21/06/2004 – 27/06/2004,https://ifsc.results.info/event/351/
Citta di Ravenna,25/06/2004 – 27/06/2004,https://ifsc.results.info/event/365/
Gdansk,21/05/2004 – 22/05/2004,https://ifsc.results.info/event/380/
Kärnten,09/07/2004 – 10/07/2004,https://ifsc.results.info/event/381/
Chamonix,11/07/2004 – 12/07/2004,https://ifsc.results.info/event/352/
Friedrichshafen,22/07/2004 – 23/07/2004,https://ifsc.results.info/event/353/
Val Daone,16/07/2004 – 17/07/2004,https://ifsc.results.info/event/382/
L'Argentière,28/07/2004 – 29/07/2004,https://ifsc.results.info/event/354/
Bardonecchia,19/08/2004 – 21/08/2004,https://ifsc.results.info/event/355/
EYC Veliko Tarnovo,19/08/2004 – 22/08/2004,https://ifsc.results.info/event/368/
Latin Am. Youth,19/08/2004 – 25/08/2004,https://ifsc.results.info/event/372/
Grenoble,26/08/2004 – 27/08/2004,https://ifsc.results.info/event/383/
Aggtelek,20/08/2004 – 21/08/2004,https://ifsc.results.info/event/370/
Cent.South Am.Champ.,25/08/2004 – 29/08/2004,https://ifsc.results.info/event/384/
Arco,03/09/2004 – 04/09/2004,https://ifsc.results.info/event/385/
World Youth Champ.,10/09/2004 – 12/09/2004,https://ifsc.results.info/event/363/
Shanghai,01/10/2004 – 02/10/2004,https://ifsc.results.info/event/356/
Marbella,17/09/2004 – 18/09/2004,https://ifsc.results.info/event/357/
Huzou,24/09/2004 – 26/09/2004,https://ifsc.results.info/event/358/
Aprica,21/10/2004 – 22/10/2004,https://ifsc.results.info/event/359/
Valence,28/10/2004 – 29/10/2004,https://ifsc.results.info/event/360/
Asian Champ.,29/10/2004 – 30/10/2004,https://ifsc.results.info/event/364/
Kranj,19/11/2004 – 20/11/2004,https://ifsc.results.info/event/386/
Brno,11/11/2004 – 12/11/2004,https://ifsc.results.info/event/361/
Darvas Cup,29/10/2004 – 30/10/2004,https://ifsc.results.info/event/362/
Asia Cup India,19/11/2004 – 21/11/2004,https://ifsc.results.info/event/387/
North American Ch. B,24/11/2004 – 28/11/2004,https://ifsc.results.info/event/371/
North American Ch.,24/11/2004 – 28/11/2004,https://ifsc.results.info/event/373/
Birmingham (B),18/03/2005 – 20/03/2005,https://ifsc.results.info/event/369/
EYC Kranj,26/11/2004 – 27/11/2004,https://ifsc.results.info/event/388/
Moscow (B+S),08/04/2005 – 10/04/2005,https://ifsc.results.info/event/389/
Moscow (S),10/04/2005,https://ifsc.results.info/event/390/
EYC Brno,15/04/2005 – 16/04/2005,https://ifsc.results.info/event/407/
Veliko Tarnovo (L+S),23/04/2005 – 25/04/2005,https://ifsc.results.info/event/413/
Marseille,22/04/2005 – 23/04/2005,https://ifsc.results.info/event/391/
Puurs (L),28/04/2005 – 29/04/2005,https://ifsc.results.info/event/392/
Val Masino,06/05/2005 – 07/05/2005,https://ifsc.results.info/event/414/
Imst,20/05/2005 – 21/05/2005,https://ifsc.results.info/event/408/
Imst (L),26/05/2005 – 27/05/2005,https://ifsc.results.info/event/393/
Imst YCCF,03/06/2005 – 04/06/2005,https://ifsc.results.info/event/415/
Arco Rock Junior,17/06/2005 – 18/06/2005,https://ifsc.results.info/event/394/
Fiera (B),16/06/2005 – 17/06/2005,https://ifsc.results.info/event/416/
Zürich (L),24/06/2005 – 25/06/2005,https://ifsc.results.info/event/395/
Citta di Ravenna,24/06/2005 – 26/06/2005,https://ifsc.results.info/event/417/
Munich,01/07/2005 – 05/07/2005,https://ifsc.results.info/event/396/
Ligano,07/07/2005,https://ifsc.results.info/event/418/
Lignano Youth,08/07/2005 – 09/07/2005,https://ifsc.results.info/event/420/
Kärnten,08/07/2005 – 10/07/2005,https://ifsc.results.info/event/419/
Chamonix (L+S),12/07/2005 – 13/07/2005,https://ifsc.results.info/event/397/
Duisburg,22/07/2005 – 23/07/2005,https://ifsc.results.info/event/412/
Serre Chevalier,29/07/2005 – 30/07/2005,https://ifsc.results.info/event/398/
Daone (S),29/07/2005 – 30/07/2005,https://ifsc.results.info/event/421/
L'Argentiere,05/08/2005,https://ifsc.results.info/event/422/
Arco,02/09/2005 – 03/09/2005,https://ifsc.results.info/event/404/
Bejing,24/08/2005 – 25/08/2005,https://ifsc.results.info/event/423/
Firminy (B),29/09/2005 – 30/09/2005,https://ifsc.results.info/event/399/
Iran,22/09/2005 – 23/09/2005,https://ifsc.results.info/event/405/
Marbella (L),16/09/2005 – 17/09/2005,https://ifsc.results.info/event/400/
Lisbon,30/09/2005 – 01/10/2005,https://ifsc.results.info/event/424/
Penne,04/11/2005 – 05/11/2005,https://ifsc.results.info/event/409/
Shanghai (L+S),21/10/2005 – 22/10/2005,https://ifsc.results.info/event/401/
Valence (L),27/10/2005 – 29/10/2005,https://ifsc.results.info/event/402/
Kranj (L),18/11/2005 – 19/11/2005,https://ifsc.results.info/event/410/
Geneva,07/10/2005 – 08/10/2005,https://ifsc.results.info/event/403/
AYC,03/12/2005 – 04/12/2005,https://ifsc.results.info/event/411/
Kranj,25/11/2005 – 26/11/2005,https://ifsc.results.info/event/406/
Birmingham (B),17/03/2006 – 19/03/2006,https://ifsc.results.info/event/425/
Veliko Tarnovo (B+S),21/04/2006 – 22/04/2006,https://ifsc.results.info/event/426/
Marseille,22/04/2006 – 23/04/2006,https://ifsc.results.info/event/453/
Puurs (L),28/04/2006 – 29/04/2006,https://ifsc.results.info/event/427/
Melloblocco,06/05/2006 – 07/05/2006,https://ifsc.results.info/event/454/
Rovereto (B),12/05/2006 – 14/05/2006,https://ifsc.results.info/event/428/
Dresden (L+S),19/05/2006 – 20/05/2006,https://ifsc.results.info/event/429/
Cent.South Am.Champ.,19/05/2006 – 21/05/2006,https://ifsc.results.info/event/451/
YCCF Imst,02/06/2006 – 03/06/2006,https://ifsc.results.info/event/446/
Fiera di Primiero(B),16/06/2006 – 17/06/2006,https://ifsc.results.info/event/455/
Arco Rock Junior,17/06/2006 – 18/06/2006,https://ifsc.results.info/event/430/
EYC Imst,27/05/2006 – 28/05/2006,https://ifsc.results.info/event/431/
Grindelwald (B),09/06/2006 – 10/06/2006,https://ifsc.results.info/event/456/
Hall (B),22/06/2006 – 23/06/2006,https://ifsc.results.info/event/432/
Ekatarinburg,29/06/2006 – 03/07/2006,https://ifsc.results.info/event/457/
Citta di Ravenna,23/06/2006 – 25/06/2006,https://ifsc.results.info/event/445/
Kärnten,07/07/2006 – 09/07/2006,https://ifsc.results.info/event/459/
Spiderkids Kärnten,07/07/2006 – 08/07/2006,https://ifsc.results.info/event/458/
Chamonix (L+S),12/07/2006 – 13/07/2006,https://ifsc.results.info/event/433/
Serre Chevalier,21/07/2006 – 22/07/2006,https://ifsc.results.info/event/460/
EYC Gdansk,22/07/2006 – 23/07/2006,https://ifsc.results.info/event/447/
L'Argentiere,28/07/2006,https://ifsc.results.info/event/461/
Friedrichshafen,24/07/2006 – 26/07/2006,https://ifsc.results.info/event/462/
Qinghai (L),29/07/2006 – 30/07/2006,https://ifsc.results.info/event/434/
Singapore (L+S),05/08/2006 – 06/08/2006,https://ifsc.results.info/event/435/
Daone (S),29/07/2006 – 30/07/2006,https://ifsc.results.info/event/436/
Kuala Lumpur (L+S),12/08/2006 – 13/08/2006,https://ifsc.results.info/event/437/
Aggtelek,18/08/2006 – 20/08/2006,https://ifsc.results.info/event/463/
Imst,24/08/2006 – 27/08/2006,https://ifsc.results.info/event/443/
Marbella (L),16/09/2006 – 17/09/2006,https://ifsc.results.info/event/464/
Arco,02/09/2006 – 03/09/2006,https://ifsc.results.info/event/438/
La Colmiane,16/09/2006 – 17/09/2006,https://ifsc.results.info/event/465/
Shanghai (L+S),02/10/2006 – 03/10/2006,https://ifsc.results.info/event/439/
EYC Velika Tarnovo,07/10/2006 – 08/10/2006,https://ifsc.results.info/event/448/
Dima-Bilbao,11/10/2006 – 14/10/2006,https://ifsc.results.info/event/466/
Kaoshiung,26/10/2006 – 29/10/2006,https://ifsc.results.info/event/444/
EYC Annecy,28/10/2006 – 29/10/2006,https://ifsc.results.info/event/449/
Belgrad,28/10/2006 – 29/10/2006,https://ifsc.results.info/event/467/
Moscow (B+S),02/11/2006 – 04/11/2006,https://ifsc.results.info/event/440/
Kranj (L),18/11/2006 – 19/11/2006,https://ifsc.results.info/event/441/
Penne (L),11/11/2006 – 12/11/2006,https://ifsc.results.info/event/442/
American Champ.,24/11/2006 – 25/11/2006,https://ifsc.results.info/event/452/
Erlangen,30/03/2007 – 31/03/2007,https://ifsc.results.info/event/450/
Tarnow,13/04/2007 – 14/04/2007,https://ifsc.results.info/event/489/
Birmingham,16/03/2007 – 18/03/2007,https://ifsc.results.info/event/468/
EXC Kranj,25/11/2006 – 26/11/2006,https://ifsc.results.info/event/469/
Marseille,13/04/2007 – 14/04/2007,https://ifsc.results.info/event/497/
Hall,27/04/2007 – 28/04/2007,https://ifsc.results.info/event/470/
Trento,01/05/2007,https://ifsc.results.info/event/471/
La Reunion,04/05/2007 – 05/05/2007,https://ifsc.results.info/event/472/
Sofia,20/04/2007 – 22/04/2007,https://ifsc.results.info/event/473/
Imst,11/05/2007 – 12/05/2007,https://ifsc.results.info/event/498/
Melloblocco,05/05/2007 – 06/05/2007,https://ifsc.results.info/event/474/
EYS Imst,19/05/2007 – 20/05/2007,https://ifsc.results.info/event/490/
YCF Imst,25/05/2007 – 26/05/2007,https://ifsc.results.info/event/499/
Kiev,26/05/2007,https://ifsc.results.info/event/500/
Grindelwald,08/06/2007 – 09/06/2007,https://ifsc.results.info/event/475/
Zürich,15/06/2007 – 16/06/2007,https://ifsc.results.info/event/501/
YCF Arco,08/06/2007 – 09/06/2007,https://ifsc.results.info/event/476/
Fiera,22/06/2007 – 23/06/2007,https://ifsc.results.info/event/477/
YCF Ravenna,22/06/2007 – 24/06/2007,https://ifsc.results.info/event/502/
EYS Velika,30/06/2007 – 01/07/2007,https://ifsc.results.info/event/491/
Interlaken,30/06/2007 – 01/07/2007,https://ifsc.results.info/event/503/
Petzen,06/07/2007 – 08/07/2007,https://ifsc.results.info/event/504/
EYS Leipzig,07/07/2007 – 08/07/2007,https://ifsc.results.info/event/492/
Chamonix,11/07/2007 – 13/07/2007,https://ifsc.results.info/event/478/
Serre Chevalier,20/07/2007 – 21/07/2007,https://ifsc.results.info/event/505/
L'Argentiere,28/07/2007,https://ifsc.results.info/event/479/
Val Daone,21/07/2007 – 22/07/2007,https://ifsc.results.info/event/493/
Qinghai,11/08/2007 – 12/08/2007,https://ifsc.results.info/event/506/
EYS Warsaw,21/07/2007 – 22/07/2007,https://ifsc.results.info/event/480/
Ibarra,23/08/2007 – 26/08/2007,https://ifsc.results.info/event/487/
La Colmiane,25/08/2007 – 26/08/2007,https://ifsc.results.info/event/507/
NoviSad,01/09/2007 – 02/09/2007,https://ifsc.results.info/event/508/
Aviles,17/09/2007 – 23/09/2007,https://ifsc.results.info/event/509/
Puurs,28/09/2007 – 29/09/2007,https://ifsc.results.info/event/481/
Arco,08/09/2007 – 09/09/2007,https://ifsc.results.info/event/482/
Belgrade,06/10/2007 – 07/10/2007,https://ifsc.results.info/event/510/
Macau,29/10/2007 – 03/11/2007,https://ifsc.results.info/event/483/
Kazo,13/10/2007 – 14/10/2007,https://ifsc.results.info/event/494/
EYS Linz,27/10/2007 – 28/10/2007,https://ifsc.results.info/event/496/
Valence,02/11/2007 – 03/11/2007,https://ifsc.results.info/event/484/
Asiacup2007,05/11/2007 – 06/11/2007,https://ifsc.results.info/event/511/
Brno,09/11/2007 – 10/11/2007,https://ifsc.results.info/event/488/
Guangzhou,08/11/2007 – 11/11/2007,https://ifsc.results.info/event/485/
Kranj,17/11/2007 – 18/11/2007,https://ifsc.results.info/event/486/
EYS Kranj,24/11/2007 – 25/11/2007,https://ifsc.results.info/event/495/
08_PE_KI,04/04/2008 – 05/04/2008,https://ifsc.results.info/event/540/
HALL,18/04/2008 – 19/04/2008,https://ifsc.results.info/event/512/
08_JS_MA,19/04/2008 – 20/04/2008,https://ifsc.results.info/event/541/
TRENTO,27/04/2008,https://ifsc.results.info/event/513/
08_PE_SH,01/05/2008 – 03/05/2008,https://ifsc.results.info/event/542/
REUNION,02/05/2008 – 03/05/2008,https://ifsc.results.info/event/514/
08_AC,21/05/2008 – 25/05/2008,https://ifsc.results.info/event/543/
08_JS_IM,10/05/2008 – 11/05/2008,https://ifsc.results.info/event/544/
08_JS_PR,17/05/2008 – 18/05/2008,https://ifsc.results.info/event/532/
08_IE_DI,23/05/2008 – 24/05/2008,https://ifsc.results.info/event/529/
08_PE_ME,08/05/2008 – 11/05/2008,https://ifsc.results.info/event/545/
GRINDELWALD,30/05/2008 – 31/05/2008,https://ifsc.results.info/event/515/
08_JS_RJ,07/06/2008 – 08/06/2008,https://ifsc.results.info/event/516/
VAIL,06/06/2008 – 07/06/2008,https://ifsc.results.info/event/546/
08_EY_WU,21/06/2008 – 22/06/2008,https://ifsc.results.info/event/517/
FIERA DI PRIMIERO,13/06/2008 – 14/06/2008,https://ifsc.results.info/event/533/
QINGHAI,27/06/2008 – 28/06/2008,https://ifsc.results.info/event/518/
08_PE_ZS,28/06/2008 – 29/06/2008,https://ifsc.results.info/event/547/
MONTAUBAN,04/07/2008 – 05/07/2008,https://ifsc.results.info/event/519/
CHAMONIX,12/07/2008 – 13/07/2008,https://ifsc.results.info/event/548/
08_JS_KA,04/07/2008 – 06/07/2008,https://ifsc.results.info/event/520/
VAL DAONE,19/07/2008 – 20/07/2008,https://ifsc.results.info/event/521/
08_IE_SE,25/07/2008 – 26/07/2008,https://ifsc.results.info/event/549/
,31/07/2008 – 03/08/2008,https://ifsc.results.info/event/550/
08_PE_AR,30/07/2008 – 01/08/2008,https://ifsc.results.info/event/551/
,20/08/2008 – 24/08/2008,https://ifsc.results.info/event/552/
Sidney,28/08/2008 – 31/08/2008,https://ifsc.results.info/event/527/
08_WC_BE,12/09/2008 – 13/09/2008,https://ifsc.results.info/event/553/
08_PE_SB,30/08/2008 – 31/08/2008,https://ifsc.results.info/event/554/
08_WC_IM,19/09/2008 – 20/09/2008,https://ifsc.results.info/event/522/
08_IE_AR,06/09/2008 – 07/09/2008,https://ifsc.results.info/event/523/
08_WC_PU,26/09/2008 – 27/09/2008,https://ifsc.results.info/event/524/
08EYC_IM,27/09/2008 – 28/09/2008,https://ifsc.results.info/event/534/
,28/09/2008 – 02/10/2008,https://ifsc.results.info/event/555/
,03/10/2008 – 05/10/2008,https://ifsc.results.info/event/539/
,08/10/2008 – 12/10/2008,https://ifsc.results.info/event/537/
Paris,15/10/2008 – 18/10/2008,https://ifsc.results.info/event/531/
,28/10/2008,https://ifsc.results.info/event/556/
08_IE_SH,28/10/2008 – 29/10/2008,https://ifsc.results.info/event/557/
,31/10/2008 – 01/11/2008,https://ifsc.results.info/event/528/
08_WC_MS,31/10/2008 – 02/11/2008,https://ifsc.results.info/event/530/
,30/10/2008 – 02/11/2008,https://ifsc.results.info/event/525/
08_EY_AN,01/11/2008 – 02/11/2008,https://ifsc.results.info/event/535/
08_WC_KR,15/11/2008 – 16/11/2008,https://ifsc.results.info/event/526/
08_EY_KR,22/11/2008 – 23/11/2008,https://ifsc.results.info/event/536/
,28/11/2008 – 29/11/2008,https://ifsc.results.info/event/558/
,07/03/2009,https://ifsc.results.info/event/559/
,29/11/2008,https://ifsc.results.info/event/538/
08_NC,04/12/2008 – 07/12/2008,https://ifsc.results.info/event/589/
WC Tarnow,18/04/2009 – 19/04/2009,https://ifsc.results.info/event/560/
,17/04/2009 – 18/04/2009,https://ifsc.results.info/event/578/
WC Kazo,11/04/2009 – 12/04/2009,https://ifsc.results.info/event/561/
WC Trento,25/04/2009 – 26/04/2009,https://ifsc.results.info/event/562/
,30/04/2009 – 05/05/2009,https://ifsc.results.info/event/587/
WC Hall,01/05/2009 – 02/05/2009,https://ifsc.results.info/event/563/
,08/05/2009 – 09/05/2009,https://ifsc.results.info/event/590/
09_03,02/05/2009 – 03/05/2009,https://ifsc.results.info/event/591/
,07/05/2009 – 10/05/2009,https://ifsc.results.info/event/592/
,14/05/2009 – 17/05/2009,https://ifsc.results.info/event/593/
,30/05/2009 – 31/05/2009,https://ifsc.results.info/event/581/
WC Wien,29/05/2009 – 30/05/2009,https://ifsc.results.info/event/564/
EYS Imst,23/05/2009 – 24/05/2009,https://ifsc.results.info/event/594/
,06/06/2009 – 07/06/2009,https://ifsc.results.info/event/565/
WC Vail,05/06/2009 – 06/06/2009,https://ifsc.results.info/event/595/
Quinghai,30/06/2009 – 05/07/2009,https://ifsc.results.info/event/566/
,10/07/2009 – 12/07/2009,https://ifsc.results.info/event/596/
,20/06/2009 – 21/06/2009,https://ifsc.results.info/event/568/
WC Eindhoven,12/06/2009 – 13/06/2009,https://ifsc.results.info/event/567/
Qinghai 15m,30/06/2009 – 05/07/2009,https://ifsc.results.info/event/597/
,24/07/2009 – 25/07/2009,https://ifsc.results.info/event/569/
,18/07/2009 – 19/07/2009,https://ifsc.results.info/event/588/
,18/07/2009 – 19/07/2009,https://ifsc.results.info/event/598/
,24/07/2009 – 26/07/2009,https://ifsc.results.info/event/580/
WC Chamonix,12/07/2009 – 13/07/2009,https://ifsc.results.info/event/599/
,25/07/2009,https://ifsc.results.info/event/600/
,29/07/2009 – 31/07/2009,https://ifsc.results.info/event/601/
,01/08/2009 – 02/08/2009,https://ifsc.results.info/event/577/
WC Barcelona,08/08/2009 – 09/08/2009,https://ifsc.results.info/event/570/
WC Daone,01/08/2009 – 02/08/2009,https://ifsc.results.info/event/571/
WC Imst,21/08/2009 – 22/08/2009,https://ifsc.results.info/event/602/
,15/08/2009,https://ifsc.results.info/event/572/
,28/08/2009 – 29/08/2009,https://ifsc.results.info/event/576/
Asia Championship,28/08/2009 – 30/08/2009,https://ifsc.results.info/event/579/
,27/08/2009 – 30/08/2009,https://ifsc.results.info/event/603/
,29/08/2009 – 30/08/2009,https://ifsc.results.info/event/604/
,05/09/2009 – 06/09/2009,https://ifsc.results.info/event/605/
,11/09/2009 – 12/09/2009,https://ifsc.results.info/event/606/
EYS Edinburgh,19/09/2009 – 20/09/2009,https://ifsc.results.info/event/582/
EYS Munich,12/09/2009 – 13/09/2009,https://ifsc.results.info/event/583/
,03/10/2009 – 04/10/2009,https://ifsc.results.info/event/573/
WC Puurs,25/09/2009 – 26/09/2009,https://ifsc.results.info/event/586/
,15/10/2009 – 16/10/2009,https://ifsc.results.info/event/607/
WC Brno,06/11/2009 – 07/11/2009,https://ifsc.results.info/event/584/
EYS Kaliningrad,16/10/2009 – 18/10/2009,https://ifsc.results.info/event/574/
WC Kranj,14/11/2009 – 15/11/2009,https://ifsc.results.info/event/575/
EYS Kranj,21/11/2009 – 22/11/2009,https://ifsc.results.info/event/585/
PE Dornbirn,13/03/2010 – 14/03/2010,https://ifsc.results.info/event/644/
Pollone,20/03/2010,https://ifsc.results.info/event/643/
Sheffield PromoEvent,20/03/2010,https://ifsc.results.info/event/641/
CISM Courmayeur,21/03/2010 – 22/03/2010,https://ifsc.results.info/event/640/
REC Greece,23/04/2010 – 24/04/2010,https://ifsc.results.info/event/645/
Melloblocco,06/05/2010 – 09/05/2010,https://ifsc.results.info/event/642/
Kitzbuhel Promo,23/04/2010 – 24/04/2010,https://ifsc.results.info/event/608/
WC Trento,30/04/2010 – 01/05/2010,https://ifsc.results.info/event/647/
Melloblocco Promo,06/05/2010 – 09/05/2010,https://ifsc.results.info/event/646/
WC Greifensee,14/05/2010 – 15/05/2010,https://ifsc.results.info/event/609/
Youth Color Imst,21/05/2010 – 23/05/2010,https://ifsc.results.info/event/637/
PACH Quito,18/05/2010 – 22/05/2010,https://ifsc.results.info/event/648/
WC Wien,28/05/2010 – 30/05/2010,https://ifsc.results.info/event/610/
WC Vail,04/06/2010 – 05/06/2010,https://ifsc.results.info/event/611/
Rock Junior Arco,04/06/2010 – 05/06/2010,https://ifsc.results.info/event/650/
EYS_Imst,05/06/2010 – 06/06/2010,https://ifsc.results.info/event/631/
Rockjunior Arco,05/06/2010 – 06/06/2010,https://ifsc.results.info/event/649/
WC Moscow,17/06/2010 – 21/06/2010,https://ifsc.results.info/event/612/
Ambrosia Boulder,25/06/2010 – 27/06/2010,https://ifsc.results.info/event/651/
WC Eindhoven,25/06/2010 – 26/06/2010,https://ifsc.results.info/event/613/
Jun Marathon,26/06/2010 – 27/06/2010,https://ifsc.results.info/event/652/
IE Petzen,09/07/2010 – 11/07/2010,https://ifsc.results.info/event/614/
WC Sheffield,03/07/2010 – 04/07/2010,https://ifsc.results.info/event/654/
Petzen Climbing,09/07/2010 – 11/07/2010,https://ifsc.results.info/event/653/
Wc Chamonix,12/07/2010 – 13/07/2010,https://ifsc.results.info/event/615/
ESC Friedrichshafen,15/07/2010,https://ifsc.results.info/event/628/
EYS Freidrichshafen,15/07/2010,https://ifsc.results.info/event/632/
Argentiere Boulder,22/07/2010 – 24/07/2010,https://ifsc.results.info/event/655/
Rockmaster Arco,16/07/2010 – 18/07/2010,https://ifsc.results.info/event/656/
Argentiere Boulder,21/07/2010 – 23/07/2010,https://ifsc.results.info/event/657/
10_Arco_Duel,18/07/2010,https://ifsc.results.info/event/658/
IE L'Argentiere,21/07/2010 – 23/07/2010,https://ifsc.results.info/event/660/
Paraclimbing Daone,24/07/2010 – 25/07/2010,https://ifsc.results.info/event/659/
Argentiere Youth,22/07/2010 – 24/07/2010,https://ifsc.results.info/event/624/
WC Daone,24/07/2010 – 25/07/2010,https://ifsc.results.info/event/616/
Paraclimbing Daone,24/07/2010 – 25/07/2010,https://ifsc.results.info/event/625/
Lead Master Briancon,29/07/2010 – 31/07/2010,https://ifsc.results.info/event/661/
WC Xining,20/08/2010 – 21/08/2010,https://ifsc.results.info/event/617/
,06/09/2010 – 07/09/2010,https://ifsc.results.info/event/633/
WC Chuncheon,28/08/2010 – 30/08/2010,https://ifsc.results.info/event/618/
WC Munich,30/07/2010 – 31/07/2010,https://ifsc.results.info/event/619/
EYS Wien,14/08/2010 – 15/08/2010,https://ifsc.results.info/event/662/
WC Puurs,24/09/2010 – 25/09/2010,https://ifsc.results.info/event/623/
ECH Imst/Innsbruck,14/09/2010 – 18/09/2010,https://ifsc.results.info/event/629/
ACH_Changzi,16/09/2010 – 19/09/2010,https://ifsc.results.info/event/627/
Youyang Promo,28/09/2010 – 30/09/2010,https://ifsc.results.info/event/620/
Youth World Champ.,09/09/2010 – 12/09/2010,https://ifsc.results.info/event/663/
RM_Jangyin,02/11/2010 – 03/11/2010,https://ifsc.results.info/event/639/
EYS Annecy,23/10/2010 – 24/10/2010,https://ifsc.results.info/event/634/
WC Huaiji,29/10/2010 – 30/10/2010,https://ifsc.results.info/event/635/
EYS Veliko Tarnovo,02/10/2010 – 03/10/2010,https://ifsc.results.info/event/621/
Oceania Championship,01/10/2010 – 03/10/2010,https://ifsc.results.info/event/664/
WC Kranj,13/11/2010 – 14/11/2010,https://ifsc.results.info/event/622/
ESC Nicosia,04/12/2010 – 05/12/2010,https://ifsc.results.info/event/636/
EYS Kranj,20/11/2010 – 21/11/2010,https://ifsc.results.info/event/638/
PAC YCH Ibarra,23/11/2010 – 28/11/2010,https://ifsc.results.info/event/630/
Paraclimbing Chiba,04/12/2010 – 05/12/2010,https://ifsc.results.info/event/626/
Promo CupOFF Prague,19/02/2011 – 20/02/2011,https://ifsc.results.info/event/705/
Sheffield_Promo,05/03/2011 – 06/03/2011,https://ifsc.results.info/event/706/
RC Kinder Küblis,06/03/2011,https://ifsc.results.info/event/707/
RC Junior Dornbirn,09/04/2011,https://ifsc.results.info/event/708/
Promo_Nordic,01/04/2011 – 02/04/2011,https://ifsc.results.info/event/709/
Vienna,13/05/2011 – 14/05/2011,https://ifsc.results.info/event/665/
Log-Dragomer,07/05/2011 – 08/05/2011,https://ifsc.results.info/event/710/
RC Eidechsli Chur,30/04/2011,https://ifsc.results.info/event/711/
Promo_Melloblocco,05/05/2011 – 08/05/2011,https://ifsc.results.info/event/667/
Milano,14/04/2011 – 17/04/2011,https://ifsc.results.info/event/668/
Tarnow,14/05/2011,https://ifsc.results.info/event/694/
Skopje_Under14,27/05/2011 – 29/05/2011,https://ifsc.results.info/event/695/
Edinburgh,20/05/2011 – 22/05/2011,https://ifsc.results.info/event/669/
Canmore,27/05/2011 – 28/05/2011,https://ifsc.results.info/event/712/
Vail,03/06/2011 – 04/06/2011,https://ifsc.results.info/event/670/
Youth Color Imst,11/06/2011 – 12/06/2011,https://ifsc.results.info/event/713/
Eindhoven,17/06/2011 – 18/06/2011,https://ifsc.results.info/event/671/
,23/06/2011 – 25/06/2011,https://ifsc.results.info/event/714/
Barcelona,25/06/2011 – 26/06/2011,https://ifsc.results.info/event/672/
Petzen Climbing,07/07/2011 – 08/07/2011,https://ifsc.results.info/event/673/
Sheffield,02/07/2011 – 03/07/2011,https://ifsc.results.info/event/715/
Chamonix,09/07/2011 – 10/07/2011,https://ifsc.results.info/event/696/
Promo Mammut,09/07/2011 – 10/07/2011,https://ifsc.results.info/event/716/
Chamonix,12/07/2011 – 13/07/2011,https://ifsc.results.info/event/674/
Friedrichshafen,14/07/2011,https://ifsc.results.info/event/697/
WCH Arco 2011,15/07/2011 – 24/07/2011,https://ifsc.results.info/event/675/
Arco_Paraclimbing,18/07/2011 – 19/07/2011,https://ifsc.results.info/event/691/
Paraclimbing LEAD,17/07/2011 – 18/07/2011,https://ifsc.results.info/event/690/
Arco Group A,20/07/2011 – 21/07/2011,https://ifsc.results.info/event/676/
Arco Group B,20/07/2011 – 21/07/2011,https://ifsc.results.info/event/677/
Rockmaster Duel,23/07/2011 – 24/07/2011,https://ifsc.results.info/event/717/
Under14_Veliko,27/07/2011 – 29/07/2011,https://ifsc.results.info/event/718/
Asian_Youth_Chp,28/07/2011 – 30/07/2011,https://ifsc.results.info/event/693/
Briançon,29/07/2011 – 30/07/2011,https://ifsc.results.info/event/719/
,28/07/2011 – 31/07/2011,https://ifsc.results.info/event/678/
Veliko,01/08/2011 – 04/08/2011,https://ifsc.results.info/event/698/
Arendal Promo,12/08/2011 – 14/08/2011,https://ifsc.results.info/event/679/
Daone,06/08/2011 – 07/08/2011,https://ifsc.results.info/event/720/
Imst,12/08/2011 – 14/08/2011,https://ifsc.results.info/event/699/
Munich,19/08/2011 – 20/08/2011,https://ifsc.results.info/event/680/
YWC Imst,25/08/2011 – 28/08/2011,https://ifsc.results.info/event/689/
Changzhi,07/09/2011 – 08/09/2011,https://ifsc.results.info/event/681/
Xining,02/09/2011 – 03/09/2011,https://ifsc.results.info/event/682/
Meran,10/09/2011 – 11/09/2011,https://ifsc.results.info/event/700/
Munich,16/09/2011 – 17/09/2011,https://ifsc.results.info/event/701/
Promo_Oloront,24/09/2011 – 25/09/2011,https://ifsc.results.info/event/723/
Megusta-Kids-Cup,24/09/2011,https://ifsc.results.info/event/722/
Speed Megusta,24/09/2011,https://ifsc.results.info/event/721/
Arco Rock Junior,01/10/2011 – 02/10/2011,https://ifsc.results.info/event/683/
Puurs,30/09/2011 – 01/10/2011,https://ifsc.results.info/event/724/
Jiangyin_11,15/10/2011 – 16/10/2011,https://ifsc.results.info/event/684/
Boulder,08/10/2011 – 09/10/2011,https://ifsc.results.info/event/725/
Amman,20/10/2011 – 21/10/2011,https://ifsc.results.info/event/685/
Valence,28/10/2011 – 29/10/2011,https://ifsc.results.info/event/686/
SEAGames_11,11/11/2011 – 22/11/2011,https://ifsc.results.info/event/704/
Kranj,19/11/2011 – 20/11/2011,https://ifsc.results.info/event/702/
Pau,11/11/2011 – 12/11/2011,https://ifsc.results.info/event/687/
Barcelona,26/11/2011 – 27/11/2011,https://ifsc.results.info/event/688/
RC Nikoloklettern Do,03/12/2011,https://ifsc.results.info/event/703/
Kranj,26/11/2011 – 27/11/2011,https://ifsc.results.info/event/726/
Asian_Championship,09/12/2011 – 11/12/2011,https://ifsc.results.info/event/692/
Master Chile,16/03/2012 – 17/03/2012,https://ifsc.results.info/event/766/
Master Iran,01/02/2012 – 05/02/2012,https://ifsc.results.info/event/767/
Promo_Sheffield_12,10/03/2012 – 11/03/2012,https://ifsc.results.info/event/768/
RC Dornbirn Junior,24/03/2012,https://ifsc.results.info/event/769/
RB Küblis,15/04/2012,https://ifsc.results.info/event/727/
Chongqing,13/04/2012 – 14/04/2012,https://ifsc.results.info/event/770/
Log-Dragomer,21/04/2012 – 22/04/2012,https://ifsc.results.info/event/728/
Asian_Ch_12,25/04/2012 – 28/04/2012,https://ifsc.results.info/event/750/
Vienna,27/04/2012 – 28/04/2012,https://ifsc.results.info/event/729/
RC Chur,12/05/2012,https://ifsc.results.info/event/771/
melloblocco_12,05/05/2012 – 06/05/2012,https://ifsc.results.info/event/772/
JPN_Promo,13/05/2012,https://ifsc.results.info/event/773/
Innsbruck,18/05/2012 – 19/05/2012,https://ifsc.results.info/event/730/
Edinburgh,18/05/2012 – 20/05/2012,https://ifsc.results.info/event/753/
promo_Peru_Lead,26/05/2012 – 27/05/2012,https://ifsc.results.info/event/754/
YCCF_12,26/05/2012 – 27/05/2012,https://ifsc.results.info/event/775/
Moscow,25/05/2012 – 27/05/2012,https://ifsc.results.info/event/774/
Vail,01/06/2012 – 02/06/2012,https://ifsc.results.info/event/731/
Grindelwald,02/06/2012 – 03/06/2012,https://ifsc.results.info/event/755/
Voiron,09/06/2012,https://ifsc.results.info/event/756/
promo_Peru_LS,25/06/2012 – 01/07/2012,https://ifsc.results.info/event/776/
Linz,30/06/2012 – 01/07/2012,https://ifsc.results.info/event/757/
Munich_Promo_12,01/07/2012,https://ifsc.results.info/event/777/
Petzen_12,06/07/2012 – 08/07/2012,https://ifsc.results.info/event/778/
Chamonix,08/07/2012,https://ifsc.results.info/event/758/
Chamonix,12/07/2012 – 13/07/2012,https://ifsc.results.info/event/752/
Asian_Youth_Chp_12,11/07/2012 – 13/07/2012,https://ifsc.results.info/event/732/
Daone,28/07/2012 – 29/07/2012,https://ifsc.results.info/event/779/
Briançon,20/07/2012 – 21/07/2012,https://ifsc.results.info/event/733/
Promo_Friedrichshafe,14/07/2012,https://ifsc.results.info/event/759/
Argentiere,25/07/2012 – 26/07/2012,https://ifsc.results.info/event/734/
Imst,04/08/2012 – 05/08/2012,https://ifsc.results.info/event/760/
Adidas_Promo_12,10/08/2012 – 11/08/2012,https://ifsc.results.info/event/780/
Imst,10/08/2012 – 11/08/2012,https://ifsc.results.info/event/735/
Arco_RJ_2012,25/08/2012 – 26/08/2012,https://ifsc.results.info/event/761/
Pieve,11/08/2012,https://ifsc.results.info/event/781/
Munich,25/08/2012 – 26/08/2012,https://ifsc.results.info/event/736/
Arco_RM_12,01/09/2012 – 02/09/2012,https://ifsc.results.info/event/748/
YWCH Singapore,29/08/2012 – 01/09/2012,https://ifsc.results.info/event/747/
Arco_Paraclimbing_12,27/08/2012 – 28/08/2012,https://ifsc.results.info/event/782/
Arco_Open,30/08/2012 – 31/08/2012,https://ifsc.results.info/event/783/
Arco,01/09/2012 – 02/09/2012,https://ifsc.results.info/event/737/
Paris,11/09/2012 – 12/09/2012,https://ifsc.results.info/event/740/
Paris,11/09/2012 – 12/09/2012,https://ifsc.results.info/event/739/
Puurs,21/09/2012 – 22/09/2012,https://ifsc.results.info/event/738/
Paraclimbing_WCH_12,12/09/2012 – 16/09/2012,https://ifsc.results.info/event/749/
WCH Paris,12/09/2012 – 16/09/2012,https://ifsc.results.info/event/741/
RC Megusta Chur,22/09/2012,https://ifsc.results.info/event/784/
Promo_Oloront_12,06/10/2012 – 07/10/2012,https://ifsc.results.info/event/785/
Atlanta,29/09/2012 – 30/09/2012,https://ifsc.results.info/event/742/
RC Megusta Speed,22/09/2012,https://ifsc.results.info/event/786/
Xining,12/10/2012 – 13/10/2012,https://ifsc.results.info/event/743/
Wujiang_12,16/10/2012 – 17/10/2012,https://ifsc.results.info/event/787/
Mokpo,20/10/2012 – 21/10/2012,https://ifsc.results.info/event/744/
Inzai,27/10/2012 – 28/10/2012,https://ifsc.results.info/event/745/
Asian_cup_12,03/11/2012 – 04/11/2012,https://ifsc.results.info/event/762/
,07/11/2012 – 10/11/2012,https://ifsc.results.info/event/751/
Gemozac,02/11/2012 – 04/11/2012,https://ifsc.results.info/event/764/
Kranj,17/11/2012 – 18/11/2012,https://ifsc.results.info/event/746/
Kranj,24/11/2012 – 25/11/2012,https://ifsc.results.info/event/765/
RC Dornbirn,08/12/2012,https://ifsc.results.info/event/763/
PAC YCH Santiago,21/11/2012 – 25/11/2012,https://ifsc.results.info/event/788/
Promo Sheffield,02/03/2013 – 03/03/2013,https://ifsc.results.info/event/830/
Chongqing,22/03/2013 – 23/03/2013,https://ifsc.results.info/event/789/
CISM,25/03/2013 – 29/03/2013,https://ifsc.results.info/event/828/
Millau,05/04/2013 – 06/04/2013,https://ifsc.results.info/event/790/
Melloblocco,26/04/2013 – 05/05/2013,https://ifsc.results.info/event/791/
Kitzbühel,26/04/2013 – 27/04/2013,https://ifsc.results.info/event/831/
Log-Dragomer,11/05/2013 – 12/05/2013,https://ifsc.results.info/event/792/
EC Ekaterinburg,16/05/2013 – 19/05/2013,https://ifsc.results.info/event/832/
JPN_Promo,12/05/2013,https://ifsc.results.info/event/815/
Innsbruck,17/05/2013 – 18/05/2013,https://ifsc.results.info/event/793/
YCCF_13,18/05/2013 – 19/05/2013,https://ifsc.results.info/event/833/
Asian Champ.,22/05/2013 – 24/05/2013,https://ifsc.results.info/event/813/
Adidas Kor,25/05/2013 – 26/05/2013,https://ifsc.results.info/event/827/
Oceania Championship,25/05/2013 – 26/05/2013,https://ifsc.results.info/event/834/
BEuro Grindelwald,25/05/2013 – 26/05/2013,https://ifsc.results.info/event/818/
Toronto,01/06/2013 – 02/06/2013,https://ifsc.results.info/event/794/
Vail,07/06/2013 – 08/06/2013,https://ifsc.results.info/event/795/
Kia Extreme Games,09/06/2013 – 10/06/2013,https://ifsc.results.info/event/819/
Edinburgh,08/06/2013 – 09/06/2013,https://ifsc.results.info/event/835/
Adidas Chn,15/06/2013 – 16/06/2013,https://ifsc.results.info/event/836/
Baku,22/06/2013 – 23/06/2013,https://ifsc.results.info/event/796/
Imst,29/06/2013,https://ifsc.results.info/event/820/
Sofia,28/06/2013 – 30/06/2013,https://ifsc.results.info/event/821/
Petzen,05/07/2013 – 07/07/2013,https://ifsc.results.info/event/837/
Munich Promo,07/07/2013,https://ifsc.results.info/event/838/
Chamonix,09/07/2013 – 11/07/2013,https://ifsc.results.info/event/822/
Cham_Paraclimbing_13,10/07/2013 – 13/07/2013,https://ifsc.results.info/event/809/
LSEuro Chamonix,10/07/2013 – 13/07/2013,https://ifsc.results.info/event/816/
Briançon,19/07/2013 – 20/07/2013,https://ifsc.results.info/event/797/
Val Daone,20/07/2013 – 21/07/2013,https://ifsc.results.info/event/839/
Argentiere,22/07/2013 – 23/07/2013,https://ifsc.results.info/event/823/
LSEuro Imst,25/07/2013 – 28/07/2013,https://ifsc.results.info/event/824/
TAB 2013,26/07/2013 – 27/07/2013,https://ifsc.results.info/event/840/
WG_2013,03/08/2013 – 04/08/2013,https://ifsc.results.info/event/829/
Imst,09/08/2013 – 10/08/2013,https://ifsc.results.info/event/798/
Munich,24/08/2013 – 25/08/2013,https://ifsc.results.info/event/808/
WYCH Saanich,15/08/2013 – 19/08/2013,https://ifsc.results.info/event/799/
Arco_RJ_2013,31/08/2013 – 01/09/2013,https://ifsc.results.info/event/841/
Arco_Open,05/09/2013 – 06/09/2013,https://ifsc.results.info/event/817/
Eindhoven,31/08/2013 – 01/09/2013,https://ifsc.results.info/event/842/
Stavanger,07/09/2013 – 08/09/2013,https://ifsc.results.info/event/810/
Arco,07/09/2013,https://ifsc.results.info/event/825/
Arco Rockmaster,07/09/2013,https://ifsc.results.info/event/800/
Arco_Paraclimbing_13,06/09/2013,https://ifsc.results.info/event/843/
Adidas Rockstars 13,13/09/2013 – 14/09/2013,https://ifsc.results.info/event/844/
Skopje_Under14,14/09/2013 – 15/09/2013,https://ifsc.results.info/event/845/
Lond_Paraclimbing_13,21/09/2013 – 22/09/2013,https://ifsc.results.info/event/801/
Perm,27/09/2013 – 29/09/2013,https://ifsc.results.info/event/811/
Puurs,20/09/2013 – 21/09/2013,https://ifsc.results.info/event/802/
Oloron 2013,05/10/2013 – 06/10/2013,https://ifsc.results.info/event/846/
Mokpo,11/10/2013 – 12/10/2013,https://ifsc.results.info/event/803/
Lava_Paraclimbing_13,12/10/2013 – 13/10/2013,https://ifsc.results.info/event/826/
Valence,01/11/2013 – 02/11/2013,https://ifsc.results.info/event/812/
Wujiang,19/10/2013 – 20/10/2013,https://ifsc.results.info/event/804/
Kranj,16/11/2013 – 17/11/2013,https://ifsc.results.info/event/847/
MoscowPromo,06/12/2013 – 09/12/2013,https://ifsc.results.info/event/805/
Valence,01/11/2013 – 02/11/2013,https://ifsc.results.info/event/806/
Kranj,16/11/2013 – 17/11/2013,https://ifsc.results.info/event/807/
MoscowPromo,06/12/2013 – 09/12/2013,https://ifsc.results.info/event/848/
Asian_Youth_Chp_13,11/12/2013 – 14/12/2013,https://ifsc.results.info/event/814/
Promo Sheffield,15/03/2014 – 16/03/2014,https://ifsc.results.info/event/886/
Chongqing,26/04/2014 – 27/04/2014,https://ifsc.results.info/event/849/
Kia Extreme Games,30/04/2014 – 01/05/2014,https://ifsc.results.info/event/887/
Baku,03/05/2014 – 04/05/2014,https://ifsc.results.info/event/850/
Innsbruck,16/05/2014 – 17/05/2014,https://ifsc.results.info/event/851/
Grindelwald,10/05/2014 – 11/05/2014,https://ifsc.results.info/event/852/
Toronto,31/05/2014 – 01/06/2014,https://ifsc.results.info/event/853/
ImstEYC,31/05/2014 – 01/06/2014,https://ifsc.results.info/event/875/
YCCF_14,07/06/2014 – 08/06/2014,https://ifsc.results.info/event/854/
Vail,06/06/2014 – 07/06/2014,https://ifsc.results.info/event/888/
LSEuro Edin,14/06/2014 – 15/06/2014,https://ifsc.results.info/event/876/
Haiyang,20/06/2014 – 22/06/2014,https://ifsc.results.info/event/855/
Lava_Paraclimbing_14,26/06/2014 – 27/06/2014,https://ifsc.results.info/event/868/
AUCC14,01/07/2014 – 07/07/2014,https://ifsc.results.info/event/856/
Laval,27/06/2014 – 28/06/2014,https://ifsc.results.info/event/885/
Petzen,04/07/2014 – 06/07/2014,https://ifsc.results.info/event/869/
Imst_Paraclimbing_14,04/07/2014 – 05/07/2014,https://ifsc.results.info/event/889/
ImstEYC,05/07/2014,https://ifsc.results.info/event/877/
Munich Promo,06/07/2014,https://ifsc.results.info/event/890/
ArgentiereEYC14,22/07/2014 – 23/07/2014,https://ifsc.results.info/event/878/
Briançon,19/07/2014 – 20/07/2014,https://ifsc.results.info/event/857/
ChamEYC14,09/07/2014,https://ifsc.results.info/event/858/
Chamonix,10/07/2014 – 12/07/2014,https://ifsc.results.info/event/879/
TAB 2014,25/07/2014 – 26/07/2014,https://ifsc.results.info/event/891/
Imst,01/08/2014 – 02/08/2014,https://ifsc.results.info/event/859/
Nanjing,16/08/2014 – 17/08/2014,https://ifsc.results.info/event/880/
Munich,21/08/2014 – 23/08/2014,https://ifsc.results.info/event/884/
Arco_Open,28/08/2014 – 29/08/2014,https://ifsc.results.info/event/860/
LaengenfeldEYC14,15/08/2014 – 16/08/2014,https://ifsc.results.info/event/892/
Arco_Paraclimbing_14,29/08/2014,https://ifsc.results.info/event/870/
Arco_RJ_2014,04/09/2014 – 05/09/2014,https://ifsc.results.info/event/893/
Arco,30/08/2014 – 31/08/2014,https://ifsc.results.info/event/861/
Arco Rockmaster,30/08/2014 – 31/08/2014,https://ifsc.results.info/event/894/
BEuro Arco,06/09/2014 – 07/09/2014,https://ifsc.results.info/event/881/
Gijon,08/09/2014 – 14/09/2014,https://ifsc.results.info/event/862/
Adidas Rockstars 14,19/09/2014 – 20/09/2014,https://ifsc.results.info/event/871/
Gijon,11/09/2014 – 14/09/2014,https://ifsc.results.info/event/872/
Gijon,11/09/2014 – 14/09/2014,https://ifsc.results.info/event/867/
WYCH Noumea,19/09/2014 – 23/09/2014,https://ifsc.results.info/event/895/
Oloron 2014,27/09/2014 – 28/09/2014,https://ifsc.results.info/event/896/
Wujiang,18/10/2014 – 19/10/2014,https://ifsc.results.info/event/874/
She_Paraclimbing_14,04/10/2014 – 05/10/2014,https://ifsc.results.info/event/873/
ACH Lombok,01/10/2014 – 03/10/2014,https://ifsc.results.info/event/863/
Mokpo,11/10/2014 – 12/10/2014,https://ifsc.results.info/event/883/
Oceania Master,17/10/2014 – 19/10/2014,https://ifsc.results.info/event/864/
Inzai,25/10/2014 – 26/10/2014,https://ifsc.results.info/event/865/
Gravical 2015,08/01/2015 – 11/01/2015,https://ifsc.results.info/event/866/
Kranj,15/11/2014 – 16/11/2014,https://ifsc.results.info/event/882/
PAC YCH Mexico City,26/11/2014 – 30/11/2014,https://ifsc.results.info/event/927/
WCC 15 Can,20/02/2015 – 22/02/2015,https://ifsc.results.info/event/928/
Promo Sheffield,07/03/2015 – 08/03/2015,https://ifsc.results.info/event/929/
Kia Extreme Games,01/05/2015 – 03/05/2015,https://ifsc.results.info/event/930/
DornbirnEYC15,09/05/2015 – 10/05/2015,https://ifsc.results.info/event/918/
InnsbruckECH15,14/05/2015 – 16/05/2015,https://ifsc.results.info/event/916/
YCCF_15,06/06/2015 – 07/06/2015,https://ifsc.results.info/event/897/
ImstEYC15,30/05/2015 – 31/05/2015,https://ifsc.results.info/event/898/
Vail,05/06/2015 – 06/06/2015,https://ifsc.results.info/event/919/
Saanich15,17/05/2015,https://ifsc.results.info/event/899/
Toronto15,30/05/2015 – 31/05/2015,https://ifsc.results.info/event/931/
Chongqing,20/06/2015 – 21/06/2015,https://ifsc.results.info/event/920/
Haiyang,26/06/2015 – 27/06/2015,https://ifsc.results.info/event/922/
ImstEYC,06/06/2015,https://ifsc.results.info/event/900/
Imst_Paraclimbing_15,27/06/2015 – 28/06/2015,https://ifsc.results.info/event/901/
LSEuro Edin,12/06/2015 – 14/06/2015,https://ifsc.results.info/event/911/
Chamonix_PC_15,10/07/2015 – 11/07/2015,https://ifsc.results.info/event/921/
Chamonix,10/07/2015 – 12/07/2015,https://ifsc.results.info/event/917/
LaengenfeldEYC15,04/07/2015 – 05/07/2015,https://ifsc.results.info/event/912/
Briançon,17/07/2015 – 18/07/2015,https://ifsc.results.info/event/902/
Petzen,10/07/2015 – 12/07/2015,https://ifsc.results.info/event/932/
ChamECH15,10/07/2015 – 12/07/2015,https://ifsc.results.info/event/903/
BEuro Argentiere,21/07/2015 – 22/07/2015,https://ifsc.results.info/event/933/
Gaflenz 2015,18/07/2015,https://ifsc.results.info/event/923/
Imst,31/07/2015 – 01/08/2015,https://ifsc.results.info/event/904/
MitterdorfEYC15,08/08/2015 – 09/08/2015,https://ifsc.results.info/event/926/
Stavanger,21/08/2015 – 22/08/2015,https://ifsc.results.info/event/924/
Munich,14/08/2015 – 15/08/2015,https://ifsc.results.info/event/905/
EUC15,05/08/2015 – 09/08/2015,https://ifsc.results.info/event/906/
ImstEYC,22/08/2015,https://ifsc.results.info/event/925/
WYCH Arco,28/08/2015 – 06/09/2015,https://ifsc.results.info/event/910/
Oloron 2015,03/10/2015 – 04/10/2015,https://ifsc.results.info/event/934/
Adidas Rockstars 15,25/09/2015 – 26/09/2015,https://ifsc.results.info/event/935/
Torino 2015,19/09/2015 – 20/09/2015,https://ifsc.results.info/event/907/
Puurs,26/09/2015 – 27/09/2015,https://ifsc.results.info/event/913/
She_Paraclimbing_15,03/10/2015 – 04/10/2015,https://ifsc.results.info/event/936/
Wujiang,17/10/2015 – 18/10/2015,https://ifsc.results.info/event/908/
ACH Ningbo,22/11/2015 – 24/11/2015,https://ifsc.results.info/event/909/
Kranj,14/11/2015 – 15/11/2015,https://ifsc.results.info/event/914/
HKG 2016,09/01/2016 – 10/01/2016,https://ifsc.results.info/event/915/
Asian_Youth_Chp_15,02/12/2015 – 06/12/2015,https://ifsc.results.info/event/974/
Gravical2016,21/01/2016 – 24/01/2016,https://ifsc.results.info/event/975/
Promo Sheffield,12/03/2016 – 13/03/2016,https://ifsc.results.info/event/976/
MeiringenWC,15/04/2016 – 16/04/2016,https://ifsc.results.info/event/937/
EYC_POL_16,16/04/2016 – 18/04/2016,https://ifsc.results.info/event/960/
KazoWC,23/04/2016 – 24/04/2016,https://ifsc.results.info/event/938/
Crimea 2016,30/04/2016 – 05/05/2016,https://ifsc.results.info/event/977/
ChongqingWC,30/04/2016 – 01/05/2016,https://ifsc.results.info/event/939/
NanjingWC,07/05/2016 – 08/05/2016,https://ifsc.results.info/event/978/
Master_Nanjing,07/05/2016 – 08/05/2016,https://ifsc.results.info/event/940/
EYC_POR_16,07/05/2016 – 08/05/2016,https://ifsc.results.info/event/961/
NaviMumbaiPromo,16/05/2016,https://ifsc.results.info/event/941/
NaviMumbaiWC,14/05/2016 – 15/05/2016,https://ifsc.results.info/event/979/
TyrolWC,20/05/2016 – 21/05/2016,https://ifsc.results.info/event/942/
YCCF_16,04/06/2016 – 05/06/2016,https://ifsc.results.info/event/962/
EYC_AUT_L_16,28/05/2016 – 29/05/2016,https://ifsc.results.info/event/980/
VailWC,10/06/2016 – 11/06/2016,https://ifsc.results.info/event/943/
EYC_Graz_16,18/06/2016 – 19/06/2016,https://ifsc.results.info/event/969/
Camp_Paraclimbing_16,25/06/2016,https://ifsc.results.info/event/963/
EYC_Warsaw_16,02/07/2016 – 03/07/2016,https://ifsc.results.info/event/954/
Oceania Championship,17/06/2016 – 19/06/2016,https://ifsc.results.info/event/964/
Petzen,08/07/2016 – 10/07/2016,https://ifsc.results.info/event/970/
ChamonixWC,11/07/2016 – 12/07/2016,https://ifsc.results.info/event/944/
VillarsWC,15/07/2016 – 16/07/2016,https://ifsc.results.info/event/945/
Imst_Paraclimbing_16,16/07/2016 – 17/07/2016,https://ifsc.results.info/event/955/
UCH16,21/07/2016 – 24/07/2016,https://ifsc.results.info/event/972/
BriançonWC,22/07/2016 – 23/07/2016,https://ifsc.results.info/event/946/
EYC_Argentiere_16,26/07/2016 – 27/07/2016,https://ifsc.results.info/event/965/
TAB 2016,28/07/2016 – 30/07/2016,https://ifsc.results.info/event/981/
ACH Duyun,03/08/2016 – 06/08/2016,https://ifsc.results.info/event/958/
EYCH_Langenfeld_16,04/08/2016 – 06/08/2016,https://ifsc.results.info/event/966/
MunichWC,12/08/2016 – 13/08/2016,https://ifsc.results.info/event/947/
ImstWC,19/08/2016 – 20/08/2016,https://ifsc.results.info/event/948/
Arco Rockmaster,28/08/2016,https://ifsc.results.info/event/949/
ArcoWC,26/08/2016 – 27/08/2016,https://ifsc.results.info/event/982/
Arco_RJ_2016,02/09/2016 – 04/09/2016,https://ifsc.results.info/event/967/
EYCH_Mitterdorf_16,02/09/2016 – 04/09/2016,https://ifsc.results.info/event/983/
EYC_AUT_S_16,10/09/2016,https://ifsc.results.info/event/968/
WCH Paris (FRA),14/09/2016 – 18/09/2016,https://ifsc.results.info/event/950/
Paraclimbing_WCH_16,14/09/2016 – 18/09/2016,https://ifsc.results.info/event/956/
Adidas Rockstars 16,23/09/2016 – 24/09/2016,https://ifsc.results.info/event/984/
Asian_Youth_Chp_16,26/09/2016 – 30/09/2016,https://ifsc.results.info/event/957/
Oloron 2016,01/10/2016 – 02/10/2016,https://ifsc.results.info/event/959/
She_Paraclimbing_16,24/09/2016 – 25/09/2016,https://ifsc.results.info/event/971/
UCH16,12/10/2016 – 16/10/2016,https://ifsc.results.info/event/973/
Wujiang,18/10/2016 – 19/10/2016,https://ifsc.results.info/event/951/
WYCH Guangzhou,07/11/2016 – 13/11/2016,https://ifsc.results.info/event/1163/
Gravical2017,12/01/2017 – 15/01/2017,https://ifsc.results.info/event/953/
HKG 2017,07/01/2017 – 08/01/2017,https://ifsc.results.info/event/952/
KranjWC,26/11/2016 – 27/11/2016,https://ifsc.results.info/event/1030/
XiamenWC,22/10/2016 – 23/10/2016,https://ifsc.results.info/event/1031/
CISM2017,22/02/2017 – 27/02/2017,https://ifsc.results.info/event/1027/
Promo Sheffield,18/03/2017 – 19/03/2017,https://ifsc.results.info/event/1032/
Studio Bloc Masters,25/03/2017 – 26/03/2017,https://ifsc.results.info/event/1033/
MeiringenWC,07/04/2017 – 08/04/2017,https://ifsc.results.info/event/985/
NanjingWC,29/04/2017 – 30/04/2017,https://ifsc.results.info/event/986/
ChongqingWC,22/04/2017 – 23/04/2017,https://ifsc.results.info/event/987/
EYC_Graz_17,29/04/2017 – 30/04/2017,https://ifsc.results.info/event/1010/
TokyoWC,06/05/2017 – 07/05/2017,https://ifsc.results.info/event/988/
EYC_POL_17,12/05/2017 – 13/05/2017,https://ifsc.results.info/event/1034/
TheRock,20/05/2017,https://ifsc.results.info/event/1011/
Montpellier2017,24/05/2017 – 28/05/2017,https://ifsc.results.info/event/1035/
Melloblocco,11/05/2017 – 14/05/2017,https://ifsc.results.info/event/1012/
EYC_POR_17,20/05/2017 – 21/05/2017,https://ifsc.results.info/event/1036/
VailWC,09/06/2017 – 10/06/2017,https://ifsc.results.info/event/1013/
EYC_AUT_L_17,27/05/2017 – 28/05/2017,https://ifsc.results.info/event/989/
EYC_AUT_L_17,10/06/2017 – 11/06/2017,https://ifsc.results.info/event/1014/
SportsForAll2017,15/06/2017 – 18/06/2017,https://ifsc.results.info/event/1037/
EYC_ITA_17,17/06/2017,https://ifsc.results.info/event/1015/
MumbaiWC,24/06/2017 – 25/06/2017,https://ifsc.results.info/event/990/
Millau,29/06/2017 – 02/07/2017,https://ifsc.results.info/event/1016/
EYC_AUT_L_17,24/06/2017 – 25/06/2017,https://ifsc.results.info/event/1038/
CAMPECH17,30/06/2017 – 01/07/2017,https://ifsc.results.info/event/1008/
Asian_Youth_Chp_17,05/07/2017 – 09/07/2017,https://ifsc.results.info/event/1007/
Petzen,07/07/2017 – 09/07/2017,https://ifsc.results.info/event/991/
VillarsWC,07/07/2017 – 08/07/2017,https://ifsc.results.info/event/1039/
Ims_Paraclimbing_17,08/07/2017 – 09/07/2017,https://ifsc.results.info/event/1000/
ChamonixWC,12/07/2017 – 13/07/2017,https://ifsc.results.info/event/1164/
EYC_Argentiere_17,18/07/2017 – 19/07/2017,https://ifsc.results.info/event/1017/
Bri_Paraclimbing_17,26/07/2017,https://ifsc.results.info/event/1028/
WG_2017,21/07/2017 – 23/07/2017,https://ifsc.results.info/event/1001/
BriançonWC,28/07/2017 – 29/07/2017,https://ifsc.results.info/event/1165/
Sofia,05/08/2017 – 06/08/2017,https://ifsc.results.info/event/1018/
EYC_AUT_L_17,12/08/2017 – 13/08/2017,https://ifsc.results.info/event/1019/
MunichECH,18/08/2017 – 19/08/2017,https://ifsc.results.info/event/1009/
MunichWC,18/08/2017 – 19/08/2017,https://ifsc.results.info/event/992/
ArcoWC,25/08/2017 – 26/08/2017,https://ifsc.results.info/event/1040/
Arco Rockmaster,26/08/2017,https://ifsc.results.info/event/993/
Arco_RJ_2016,24/08/2017 – 27/08/2017,https://ifsc.results.info/event/1041/
EYC_AUT_S_17,27/08/2017,https://ifsc.results.info/event/1020/
Bangalore2017,01/09/2017 – 02/09/2017,https://ifsc.results.info/event/998/
WYCH Innsbruck,30/08/2017 – 10/09/2017,https://ifsc.results.info/event/1042/
YWCH Combined,08/09/2017 – 09/09/2017,https://ifsc.results.info/event/999/
EYCH_Slany_17,15/09/2017 – 16/09/2017,https://ifsc.results.info/event/1021/
Adidas Rockstars 17,15/09/2017 – 16/09/2017,https://ifsc.results.info/event/1043/
ACH Tehran,18/09/2017 – 21/09/2017,https://ifsc.results.info/event/1004/
Edi_Paraclimbing_17,23/09/2017 – 24/09/2017,https://ifsc.results.info/event/1002/
EdinburghWC,23/09/2017 – 24/09/2017,https://ifsc.results.info/event/994/
EYCH_Perm_17,28/09/2017 – 01/10/2017,https://ifsc.results.info/event/1022/
Oloron 2017,30/09/2017 – 01/10/2017,https://ifsc.results.info/event/1044/
Wujiang,07/10/2017 – 08/10/2017,https://ifsc.results.info/event/995/
She_Paraclimbing_17,07/10/2017 – 08/10/2017,https://ifsc.results.info/event/1003/
Oceania Championship,12/10/2017 – 15/10/2017,https://ifsc.results.info/event/1026/
XiamenWC,14/10/2017 – 15/10/2017,https://ifsc.results.info/event/996/
Asia_Cup_17,27/10/2017 – 29/10/2017,https://ifsc.results.info/event/1005/
PAC Montreal Comb,29/10/2017 – 30/10/2017,https://ifsc.results.info/event/1025/
PAC Montreal,30/10/2017 – 05/11/2017,https://ifsc.results.info/event/1024/
KranjWC,11/11/2017 – 12/11/2017,https://ifsc.results.info/event/997/
China_Open_17,17/11/2017,https://ifsc.results.info/event/1045/
China_Open_17,18/11/2017 – 19/11/2017,https://ifsc.results.info/event/1046/
EYCH_St.Etienne_2017,25/11/2017 – 26/11/2017,https://ifsc.results.info/event/1023/
YOG17,07/12/2017 – 08/12/2017,https://ifsc.results.info/event/1029/
Gravical2017,11/01/2018 – 14/01/2018,https://ifsc.results.info/event/1006/
ACH Singapore,16/12/2017 – 17/12/2017,https://ifsc.results.info/event/1090/
Promo Sheffield,10/03/2018 – 11/03/2018,https://ifsc.results.info/event/1091/
Asia_Cup_18,10/03/2018 – 11/03/2018,https://ifsc.results.info/event/1067/
Studio Bloc Masters,17/03/2018 – 18/03/2018,https://ifsc.results.info/event/1092/
FISE Hiroshima 2018,06/04/2018 – 08/04/2018,https://ifsc.results.info/event/1093/
Promo Delft,31/03/2018 – 01/04/2018,https://ifsc.results.info/event/1094/
EYC_FRA_18,07/04/2018 – 08/04/2018,https://ifsc.results.info/event/1073/
MeiringenWC,13/04/2018 – 14/04/2018,https://ifsc.results.info/event/1047/
MoscowWC,21/04/2018 – 22/04/2018,https://ifsc.results.info/event/1048/
Speed Stars 2018,28/04/2018 – 29/04/2018,https://ifsc.results.info/event/1095/
EYC_POR_18,05/05/2018 – 06/05/2018,https://ifsc.results.info/event/1074/
EYC_Graz_18,28/04/2018 – 29/04/2018,https://ifsc.results.info/event/1049/
ChongqingWC,05/05/2018 – 06/05/2018,https://ifsc.results.info/event/1075/
TaianWC,12/05/2018 – 13/05/2018,https://ifsc.results.info/event/1050/
Rock Ljubj Masters,19/05/2018 – 20/05/2018,https://ifsc.results.info/event/1076/
EYC_ITA_18,12/05/2018 – 13/05/2018,https://ifsc.results.info/event/1097/
SportForAll2018,19/05/2018 – 20/05/2018,https://ifsc.results.info/event/1096/
EYCH_AUT_18,25/05/2018 – 27/05/2018,https://ifsc.results.info/event/1077/
YCCF_18,02/06/2018 – 03/06/2018,https://ifsc.results.info/event/1098/
TokyoWC,02/06/2018 – 03/06/2018,https://ifsc.results.info/event/1051/
Promo Ningbo 2018,26/05/2018 – 27/05/2018,https://ifsc.results.info/event/1099/
UCH18,20/06/2018 – 23/06/2018,https://ifsc.results.info/event/1078/
Asia_Cup_18,15/06/2018 – 17/06/2018,https://ifsc.results.info/event/1052/
VailWC,08/06/2018 – 09/06/2018,https://ifsc.results.info/event/1068/
EYC_NED_18,02/06/2018 – 03/06/2018,https://ifsc.results.info/event/1079/
EYC_ITA_18,16/06/2018 – 17/06/2018,https://ifsc.results.info/event/1088/
Petzen,06/07/2018 – 08/07/2018,https://ifsc.results.info/event/1080/
EYC_L_SUI,30/06/2018 – 01/07/2018,https://ifsc.results.info/event/1081/
EYC_ITA_18,22/06/2018 – 24/06/2018,https://ifsc.results.info/event/1100/
Ims_Paraclimbing_18,07/07/2018 – 08/07/2018,https://ifsc.results.info/event/1053/
VillarsWC,06/07/2018 – 07/07/2018,https://ifsc.results.info/event/1065/
Promo Ningbo 2018,14/07/2018 – 15/07/2018,https://ifsc.results.info/event/1082/
EYC_L_MUN,07/07/2018 – 08/07/2018,https://ifsc.results.info/event/1054/
BriançonWC,20/07/2018 – 21/07/2018,https://ifsc.results.info/event/1101/
ChamonixWC,11/07/2018 – 13/07/2018,https://ifsc.results.info/event/1066/
Bri_Paraclimbing_18,18/07/2018,https://ifsc.results.info/event/1055/
TAB 2014,25/07/2018 – 28/07/2018,https://ifsc.results.info/event/1083/
Sofia,21/07/2018 – 22/07/2018,https://ifsc.results.info/event/1102/
MunichWC,17/08/2018 – 18/08/2018,https://ifsc.results.info/event/1056/
ArcoWC,27/07/2018 – 28/07/2018,https://ifsc.results.info/event/1063/
WYCH Central Saanich,09/08/2018 – 16/08/2018,https://ifsc.results.info/event/1057/
AG_2018,22/08/2018 – 28/08/2018,https://ifsc.results.info/event/1086/
Promo Arnhem 2018,08/09/2018 – 09/09/2018,https://ifsc.results.info/event/1084/
WCH Innsbruck,06/09/2018 – 16/09/2018,https://ifsc.results.info/event/1061/
EYCH_Brussels_18,31/08/2018 – 02/09/2018,https://ifsc.results.info/event/1103/
Paraclimbing_WCH_18,10/09/2018 – 16/09/2018,https://ifsc.results.info/event/1064/
WCH Combined,15/09/2018 – 16/09/2018,https://ifsc.results.info/event/1062/
Adidas Rockstars 18,21/09/2018 – 22/09/2018,https://ifsc.results.info/event/1104/
Promo Ningbo 2018,21/09/2018 – 22/09/2018,https://ifsc.results.info/event/1105/
KranjWC,29/09/2018 – 30/09/2018,https://ifsc.results.info/event/1058/
Buenos Aires (ARG),01/10/2018 – 27/10/2018,https://ifsc.results.info/event/1257/
Adidas Rockstars 18,06/10/2018 – 07/10/2018,https://ifsc.results.info/event/1106/
Promo Ningbo 2018,09/10/2018 – 10/10/2018,https://ifsc.results.info/event/1107/
Promo Ningbo 2018,13/10/2018 – 14/10/2018,https://ifsc.results.info/event/1108/
Wujiang,20/10/2018 – 21/10/2018,https://ifsc.results.info/event/1059/
XiamenWC,27/10/2018 – 28/10/2018,https://ifsc.results.info/event/1060/
ACH Kurayoshi,07/11/2018 – 11/11/2018,https://ifsc.results.info/event/1072/
Asian_Youth_Chp_18,01/11/2018 – 04/11/2018,https://ifsc.results.info/event/1069/
China_Open_18,16/11/2018 – 18/11/2018,https://ifsc.results.info/event/1070/
ACH Kurayoshi comb,11/11/2018,https://ifsc.results.info/event/1109/
PAC Guayaquil,21/11/2018 – 26/11/2018,https://ifsc.results.info/event/1110/
Promo Ningbo 2018,24/11/2018 – 25/11/2018,https://ifsc.results.info/event/1085/
ACH_K_Bangkok,07/12/2018 – 09/12/2018,https://ifsc.results.info/event/1111/
China_Open_Q,15/11/2018 – 17/11/2018,https://ifsc.results.info/event/1089/
CISM2018,27/11/2018 – 03/12/2018,https://ifsc.results.info/event/1071/
Studio Bloc Masters,23/03/2019 – 24/03/2019,https://ifsc.results.info/event/1153/
FISE Hiroshima 2019,19/04/2019 – 21/04/2019,https://ifsc.results.info/event/1154/
Promo Delft,30/03/2019 – 31/03/2019,https://ifsc.results.info/event/1112/
MoscowWC,12/04/2019 – 14/04/2019,https://ifsc.results.info/event/1113/
MeiringenWC,05/04/2019 – 06/04/2019,https://ifsc.results.info/event/1155/
ChongqingWC,26/04/2019 – 28/04/2019,https://ifsc.results.info/event/1114/
Soure,27/04/2019 – 28/04/2019,https://ifsc.results.info/event/1137/
Inns19,02/05/2019 – 04/05/2019,https://ifsc.results.info/event/1134/
WujiangWC,03/05/2019 – 05/05/2019,https://ifsc.results.info/event/1115/
Graz,11/05/2019 – 12/05/2019,https://ifsc.results.info/event/1138/
Speed Stars 2019,12/05/2019,https://ifsc.results.info/event/1156/
ISF19,18/05/2019 – 24/05/2019,https://ifsc.results.info/event/1116/
MunichWC,18/05/2019 – 19/05/2019,https://ifsc.results.info/event/1150/
Mazzolombardo,18/05/2019,https://ifsc.results.info/event/1139/
Rock Ljubj Masters,24/05/2019 – 25/05/2019,https://ifsc.results.info/event/1157/
Sofia,25/05/2019 – 26/05/2019,https://ifsc.results.info/event/1140/
YCCF_19,01/06/2019 – 02/06/2019,https://ifsc.results.info/event/1158/
VailWC,07/06/2019 – 08/06/2019,https://ifsc.results.info/event/1117/
Ims_Paraclimbing_19,29/06/2019 – 30/06/2019,https://ifsc.results.info/event/1141/
Ostermundigen,22/06/2019 – 23/06/2019,https://ifsc.results.info/event/1127/
St. Pierre Faucigny,29/06/2019 – 30/06/2019,https://ifsc.results.info/event/1142/
Petzen19,05/07/2019 – 07/07/2019,https://ifsc.results.info/event/1118/
ChamonixWC,11/07/2019 – 13/07/2019,https://ifsc.results.info/event/1159/
VillarsWC,04/07/2019 – 06/07/2019,https://ifsc.results.info/event/1119/
Promo Arnhem 2019,13/07/2019 – 14/07/2019,https://ifsc.results.info/event/1160/
EUC19,17/07/2019 – 20/07/2019,https://ifsc.results.info/event/1128/
Paraclimbing_WCH_1,16/07/2019 – 17/07/2019,https://ifsc.results.info/event/1151/
Tarnow,19/07/2019 – 20/07/2019,https://ifsc.results.info/event/1143/
BriançonWC,19/07/2019 – 20/07/2019,https://ifsc.results.info/event/1120/
Imst,02/08/2019 – 04/08/2019,https://ifsc.results.info/event/1144/
PolandECH,05/09/2019 – 07/09/2019,https://ifsc.results.info/event/1121/
WCH Hachioji,11/08/2019 – 21/08/2019,https://ifsc.results.info/event/1130/
WCH Combined,18/08/2019 – 21/08/2019,https://ifsc.results.info/event/1122/
ACH_K_Bangkok,16/08/2019 – 18/08/2019,https://ifsc.results.info/event/1126/
YWCH Arco,22/08/2019 – 31/08/2019,https://ifsc.results.info/event/1135/
Adidas Rockstars 19,13/09/2019 – 14/09/2019,https://ifsc.results.info/event/1161/
BG19,13/10/2019 – 14/10/2019,https://ifsc.results.info/event/1145/
EYCH_Brixen_19,20/09/2019 – 22/09/2019,https://ifsc.results.info/event/1123/
KranjWC,28/09/2019 – 29/09/2019,https://ifsc.results.info/event/1136/
EdinCH19,04/10/2019 – 06/10/2019,https://ifsc.results.info/event/1149/
InzaiWC,26/10/2019 – 27/10/2019,https://ifsc.results.info/event/1146/
China_Open_19,31/10/2019 – 03/11/2019,https://ifsc.results.info/event/1124/
XiamenWC,18/10/2019 – 20/10/2019,https://ifsc.results.info/event/1125/
ACH Palembang,06/11/2019 – 10/11/2019,https://ifsc.results.info/event/1162/
EYCH_Voronezh_19,18/10/2019 – 20/10/2019,https://ifsc.results.info/event/1131/
WCH Combined,28/11/2019 – 01/12/2019,https://ifsc.results.info/event/1129/
Sit_Paraclimbing_19,09/11/2019,https://ifsc.results.info/event/1132/
Asian_Youth_Chp_18,14/11/2019 – 17/11/2019,https://ifsc.results.info/event/1152/
PAC Ibarra,07/12/2019 – 12/12/2019,https://ifsc.results.info/event/1147/
PAC Ibarra,03/12/2019 – 08/12/2019,https://ifsc.results.info/event/1148/
Los Angeles (USA),24/02/2020 – 01/03/2020,https://ifsc.results.info/event/1133/
Asian_Youth_Chp_19,12/12/2019 – 15/12/2019,https://ifsc.results.info/event/70/
Los Angeles (USA),25/02/2020 – 26/02/2020,https://ifsc.results.info/event/1171/
Pfungstadt (GER),07/03/2020 – 08/03/2020,https://ifsc.results.info/event/1173/
Delft (NED),28/03/2020 – 29/03/2020,https://ifsc.results.info/event/1174/
Ljubljana (SLO),15/05/2020 – 16/05/2020,https://ifsc.results.info/event/1172/
Innsbruck (AUT),23/06/2020 – 25/06/2020,https://ifsc.results.info/event/1175/
Hiroshima (JPN),03/04/2020 – 05/04/2020,https://ifsc.results.info/event/68/
Petzen (AUT),10/07/2020 – 12/07/2020,https://ifsc.results.info/event/1169/
Torino (ITA),02/08/2020,https://ifsc.results.info/event/1183/
Tokyo (JPN),04/08/2020 – 07/08/2020,https://ifsc.results.info/event/1176/
Briançon (FRA),21/08/2020 – 22/08/2020,https://ifsc.results.info/event/85/
Belgrad (KOS),14/08/2020 – 16/08/2020,https://ifsc.results.info/event/65/
Voronezh (RUS),23/08/2020 – 31/08/2020,https://ifsc.results.info/event/1177/
Augsburg (GER),17/09/2020 – 18/09/2020,https://ifsc.results.info/event/1181/
Torino (ITA),17/09/2020 – 20/09/2020,https://ifsc.results.info/event/1178/
Soure (POR),06/11/2020 – 08/11/2020,https://ifsc.results.info/event/87/
Tarnow (POL),14/11/2020,https://ifsc.results.info/event/72/
Perm (RUS),22/10/2020 – 28/10/2020,https://ifsc.results.info/event/1200/
Moscow (RUS),21/11/2020 – 29/11/2020,https://ifsc.results.info/event/1166/
Voronezh (RUS),04/12/2020 – 06/12/2020,https://ifsc.results.info/event/1184/
Cape Town (RSA),17/12/2020 – 20/12/2020,https://ifsc.results.info/event/1168/
Sydney (AUS),19/12/2020 – 20/12/2020,https://ifsc.results.info/event/1167/
Klagenfurt (AUT) – Klagenfurt,10/04/2021 – 11/04/2021,https://ifsc.results.info/event/1205/
Perm (RUS),01/05/2021 – 05/05/2021,https://ifsc.results.info/event/1187/
Meiringen (SUI),16/04/2021 – 17/04/2021,https://ifsc.results.info/event/1221/
Graz (AUT),14/05/2021 – 16/05/2021,https://ifsc.results.info/event/1213/
Salt Lake City (USA),28/05/2021 – 30/05/2021,https://ifsc.results.info/event/1190/
Salt Lake City (USA),21/05/2021 – 22/05/2021,https://ifsc.results.info/event/1192/
Belgrad (SRB),29/05/2021 – 30/05/2021,https://ifsc.results.info/event/1206/
Bochum (GER),04/06/2021,https://ifsc.results.info/event/1214/
Imst (AUT),11/06/2021 – 13/06/2021,https://ifsc.results.info/event/1215/
Ostermundigen (SUI),19/06/2021 – 20/06/2021,https://ifsc.results.info/event/1216/
Innsbruck (AUT) – Innsbruck,22/06/2021 – 24/06/2021,https://ifsc.results.info/event/1222/
Innsbruck (AUT),23/06/2021,https://ifsc.results.info/event/1193/
Gaflenz (AUT),27/06/2021,https://ifsc.results.info/event/1208/
Innsbruck (AUT),23/06/2021 – 26/06/2021,https://ifsc.results.info/event/1209/
Villars (SUI),01/07/2021 – 03/07/2021,https://ifsc.results.info/event/1217/
Gaflenz (AUT),27/06/2021,https://ifsc.results.info/event/1194/
Chamonix (FRA),12/07/2021 – 13/07/2021,https://ifsc.results.info/event/1218/
"Puurs (BEL) – Klimax, Puurs-Sint-Amands, Belgium",02/07/2021 – 04/07/2021,https://ifsc.results.info/event/1195/
Briançon (FRA) – Briançon,15/07/2021,https://ifsc.results.info/event/1223/
Briançon (FRA),17/07/2021 – 18/07/2021,https://ifsc.results.info/event/1196/
Veliko Tarnovo (BUL),24/07/2021 – 25/07/2021,https://ifsc.results.info/event/1219/
Krakow (POL),07/08/2021 – 08/08/2021,https://ifsc.results.info/event/1220/
Zilina (SVK),29/07/2021 – 31/07/2021,https://ifsc.results.info/event/1227/
Tokyo (JPN),03/08/2021 – 06/08/2021,https://ifsc.results.info/event/1207/
Ljubljana (SLO),14/08/2021,https://ifsc.results.info/event/1230/
Voronezh (RUS),21/08/2021 – 31/08/2021,https://ifsc.results.info/event/1186/
Ljubljana (SLO),03/09/2021 – 04/09/2021,https://ifsc.results.info/event/1229/
Seoul (KOR),01/10/2021 – 03/10/2021,https://ifsc.results.info/event/1197/
Moscow (CFR) – Moscow,15/09/2021 – 17/09/2021,https://ifsc.results.info/event/1225/
Arco (ITA),28/08/2021,https://ifsc.results.info/event/1185/
Moscow (CFR),16/09/2021 – 21/09/2021,https://ifsc.results.info/event/1189/
Soure (POR),09/10/2021 – 10/10/2021,https://ifsc.results.info/event/1212/
Tyumen (RUS),05/11/2021 – 07/11/2021,https://ifsc.results.info/event/1224/
United States (USA),09/10/2021 – 10/10/2021,https://ifsc.results.info/event/1210/
Laval (FRA),22/10/2021 – 24/10/2021,https://ifsc.results.info/event/1211/
Shantou (CHN),20/11/2021 – 28/11/2021,https://ifsc.results.info/event/1226/
Johannesburg (RSA),16/12/2021 – 18/12/2021,https://ifsc.results.info/event/1231/
Ibarra (ECU) – Complejo de Escalda de Yacucualle,30/11/2021 – 05/12/2021,https://ifsc.results.info/event/1252/
Barcelona (ESP),04/03/2022 – 05/03/2022,https://ifsc.results.info/event/1282/
Meiringen (SUI) – Meiringen,08/04/2022 – 10/04/2022,https://ifsc.results.info/event/1233/
Chambéry (FRA),09/04/2022 – 10/04/2022,https://ifsc.results.info/event/1258/
Prague (CZE),29/04/2022 – 01/05/2022,https://ifsc.results.info/event/1259/
Soure (POR),23/04/2022 – 24/04/2022,https://ifsc.results.info/event/1260/
Brixen (ITA),07/05/2022 – 08/05/2022,https://ifsc.results.info/event/1235/
Seoul (KOR) – Seoul,06/05/2022 – 08/05/2022,https://ifsc.results.info/event/1261/
Klagenfurt (AUT),20/05/2022 – 21/05/2022,https://ifsc.results.info/event/1263/
Salt Lake City (USA) – Salt Lake City,20/05/2022 – 22/05/2022,https://ifsc.results.info/event/1236/
Salt Lake City (USA) – Salt Lake City,27/05/2022 – 29/05/2022,https://ifsc.results.info/event/1278/
Salt Lake City (USA),24/05/2022 – 25/05/2022,https://ifsc.results.info/event/1262/
Imst (AUT),27/05/2022 – 29/05/2022,https://ifsc.results.info/event/1237/
Tyumen (RUS),04/06/2022 – 05/06/2022,https://ifsc.results.info/event/1264/
Brixen (ITA),10/06/2022 – 12/06/2022,https://ifsc.results.info/event/1283/
Arco (ITA),04/06/2022 – 05/06/2022,https://ifsc.results.info/event/1284/
Innsbruck (AUT),13/06/2022 – 17/06/2022,https://ifsc.results.info/event/1249/
Innsbruck (AUT),21/06/2022 – 22/06/2022,https://ifsc.results.info/event/1277/
Innsbruck (AUT),21/06/2022,https://ifsc.results.info/event/1265/
Ostermundigen (SUI),25/06/2022 – 26/06/2022,https://ifsc.results.info/event/1238/
Innsbruck (AUT) – Innsbruck,22/06/2022 – 26/06/2022,https://ifsc.results.info/event/1266/
Villars-sur-Ollon (SUI) – Villars,30/06/2022 – 02/07/2022,https://ifsc.results.info/event/1239/
Imst (AUT),02/07/2022 – 03/07/2022,https://ifsc.results.info/event/1281/
Dornbirn (AUT),02/07/2022 – 03/07/2022,https://ifsc.results.info/event/1267/
Augsburg (GER),08/07/2022 – 10/07/2022,https://ifsc.results.info/event/1268/
Chamonix (FRA) – Chamonix,08/07/2022 – 10/07/2022,https://ifsc.results.info/event/1240/
Birmingham (USA),14/07/2022 – 16/07/2022,https://ifsc.results.info/event/1280/
Villars (SUI),08/07/2022 – 09/07/2022,https://ifsc.results.info/event/1245/
Žilina (SVK),16/07/2022 – 17/07/2022,https://ifsc.results.info/event/1269/
Briançon (FRA) – Briançon,22/07/2022 – 23/07/2022,https://ifsc.results.info/event/1241/
Mezzolombardo (ITA),29/07/2022,https://ifsc.results.info/event/1270/
Arco (ITA),29/07/2022,https://ifsc.results.info/event/1285/
Mezzolombardo (ITA),30/07/2022,https://ifsc.results.info/event/1271/
Munich (GER) – Munich,11/08/2022 – 18/08/2022,https://ifsc.results.info/event/1272/
Graz (AUT),03/08/2022 – 06/08/2022,https://ifsc.results.info/event/1247/
United States (USA),22/08/2022 – 31/08/2022,https://ifsc.results.info/event/1246/
Koper (SLO),02/09/2022 – 03/09/2022,https://ifsc.results.info/event/1242/
Edinburgh (GBR),09/09/2022 – 11/09/2022,https://ifsc.results.info/event/1288/
Hangzhou (CHN),15/09/2022 – 19/09/2022,https://ifsc.results.info/event/1248/
Jakarta (INA) – Jakarta,24/09/2022 – 26/09/2022,https://ifsc.results.info/event/1243/
Delft (NED),24/09/2022 – 25/09/2022,https://ifsc.results.info/event/1289/
Hamburg (GER),25/09/2022,https://ifsc.results.info/event/1273/
Seoul (KOR) – Jamwon Hangang-revier Park,10/10/2022 – 16/10/2022,https://ifsc.results.info/event/1287/
Laval (FRA),21/10/2022 – 22/10/2022,https://ifsc.results.info/event/1274/
Japan (JPN),20/10/2022 – 22/10/2022,https://ifsc.results.info/event/1234/
Kaliningrad (RUS),12/10/2022 – 16/10/2022,https://ifsc.results.info/event/1275/
Laval (FRA),21/10/2022 – 23/10/2022,https://ifsc.results.info/event/1290/
Manila (PHI),05/11/2022 – 06/11/2022,https://ifsc.results.info/event/1315/
Delft (NED),25/03/2023 – 26/03/2023,https://ifsc.results.info/event/1316/
Jamshedpur (IND),09/12/2022 – 11/12/2022,https://ifsc.results.info/event/1314/
Pfungstadt (GER),11/03/2023 – 12/03/2023,https://ifsc.results.info/event/1340/
Tarnów (POL),01/04/2023 – 02/04/2023,https://ifsc.results.info/event/1332/
Tarnów (POL),01/04/2023 – 02/04/2023,https://ifsc.results.info/event/1331/
Hachioji (JPN),21/04/2023 – 23/04/2023,https://ifsc.results.info/event/1317/
Chambéry (FRA),07/04/2023 – 08/04/2023,https://ifsc.results.info/event/1291/
Soure (POR),22/04/2023 – 23/04/2023,https://ifsc.results.info/event/1321/
Seoul (KOR) – Seoul,28/04/2023 – 30/04/2023,https://ifsc.results.info/event/1292/
Kaunas (LTU),28/04/2023 – 30/04/2023,https://ifsc.results.info/event/1322/
Indonesia (INA),06/05/2023 – 07/05/2023,https://ifsc.results.info/event/1323/
Graz (AUT),05/05/2023 – 07/05/2023,https://ifsc.results.info/event/1293/
Salt Lake City (USA) – Salt Lake City,19/05/2023 – 21/05/2023,https://ifsc.results.info/event/1320/
Loverval (BEL),27/05/2023 – 28/05/2023,https://ifsc.results.info/event/1335/
Liébana (ESP),12/05/2023 – 14/05/2023,https://ifsc.results.info/event/1294/
Salt Lake City (USA),16/05/2023 – 17/05/2023,https://ifsc.results.info/event/1318/
Brixen (ITA),09/06/2023 – 11/06/2023,https://ifsc.results.info/event/1295/
Prague (CZE),02/06/2023 – 04/06/2023,https://ifsc.results.info/event/1329/
Innsbruck (AUT),12/06/2023,https://ifsc.results.info/event/1296/
Innsbruck (AUT),12/06/2023 – 13/06/2023,https://ifsc.results.info/event/1337/
Duisburg (GER),08/06/2023 – 11/06/2023,https://ifsc.results.info/event/1325/
Niederwangen (SUI),17/06/2023 – 18/06/2023,https://ifsc.results.info/event/1297/
Tarnow (POL),21/06/2023 – 02/07/2023,https://ifsc.results.info/event/1326/
Innsbruck (AUT),14/06/2023 – 18/06/2023,https://ifsc.results.info/event/1305/
St. Pierre en Faucigny (FRA),24/06/2023 – 25/06/2023,https://ifsc.results.info/event/1341/
Villars-sur-Ollon (SUI),23/06/2023 – 24/06/2023,https://ifsc.results.info/event/1327/
Villars-sur-Ollon (SUI),30/06/2023 – 02/07/2023,https://ifsc.results.info/event/1298/
Imst (AUT) – Kletterzentrum Imst,30/06/2023 – 02/07/2023,https://ifsc.results.info/event/1328/
Chamonix (FRA),07/07/2023 – 09/07/2023,https://ifsc.results.info/event/1299/
Singapore (SGP),08/07/2023,https://ifsc.results.info/event/1342/
Briançon (FRA),14/07/2023 – 15/07/2023,https://ifsc.results.info/event/1300/
Žilina (SVK),21/07/2023 – 22/07/2023,https://ifsc.results.info/event/1324/
Bern (SUI),08/08/2023 – 10/08/2023,https://ifsc.results.info/event/1301/
Bern (SUI),01/08/2023 – 12/08/2023,https://ifsc.results.info/event/1338/
Arco (ITA),01/09/2023,https://ifsc.results.info/event/1304/
South Korea (KOR),18/08/2023 – 27/08/2023,https://ifsc.results.info/event/1348/
Bologna (ITA),02/09/2023 – 03/09/2023,https://ifsc.results.info/event/1336/
Hong Kong (HKG),09/09/2023 – 10/09/2023,https://ifsc.results.info/event/1345/
Ljubljana (SLO),02/09/2023,https://ifsc.results.info/event/1302/
Koper (SLO),08/09/2023 – 09/09/2023,https://ifsc.results.info/event/1343/
Helsinki (FIN),15/09/2023 – 16/09/2023,https://ifsc.results.info/event/1330/
Rome (ITA),15/09/2023,https://ifsc.results.info/event/1309/
Wujiang (CHN) – Wujiang,22/09/2023 – 24/09/2023,https://ifsc.results.info/event/1303/
Hangzhou (CHN),23/09/2023 – 08/10/2023,https://ifsc.results.info/event/1306/
Hamburg (GER),24/09/2023,https://ifsc.results.info/event/1334/
La Rochelle (FRA),29/09/2023 – 30/09/2023,https://ifsc.results.info/event/1350/
Santiago (CHI),20/10/2023 – 25/10/2023,https://ifsc.results.info/event/1349/
Laval (FRA),26/10/2023 – 29/10/2023,https://ifsc.results.info/event/1307/
Chongqing (CHN),18/10/2023 – 22/10/2023,https://ifsc.results.info/event/1308/
Jakarta (INA),09/11/2023 – 12/11/2023,https://ifsc.results.info/event/1310/
Ningbo (CHN),16/11/2023,https://ifsc.results.info/event/1380/
Neom Beach Games Mountain Village (KSA),22/11/2023 – 24/11/2023,https://ifsc.results.info/event/1351/
Curitiba (BRA) – Centro de Treinamiento ABEE - Parque Olímpico do Cajuru,01/12/2023 – 03/12/2023,https://ifsc.results.info/event/1311/
Melbourne (AUS) – Melbourne,24/11/2023 – 26/11/2023,https://ifsc.results.info/event/1346/
Jamshedpur (IND),08/12/2023 – 10/12/2023,https://ifsc.results.info/event/1312/
Pretoria (RSA),07/12/2023 – 09/12/2023,https://ifsc.results.info/event/1382/
Lublin (POL),16/03/2024,https://ifsc.results.info/event/1344/
Mar del Plata (ARG),15/12/2023 – 17/12/2023,https://ifsc.results.info/event/1347/
Pfungstadt (GER),09/03/2024 – 10/03/2024,https://ifsc.results.info/event/1389/
Riyadh (KSA),12/12/2023 – 16/12/2023,https://ifsc.results.info/event/1376/
Lublin (POL),17/03/2024,https://ifsc.results.info/event/1363/
Delft (NED),23/03/2024 – 24/03/2024,https://ifsc.results.info/event/1352/
Curno (ITA),05/04/2024 – 07/04/2024,https://ifsc.results.info/event/1377/
Keqiao (CHN),08/04/2024 – 10/04/2024,https://ifsc.results.info/event/1353/
Wujiang (CHN),12/04/2024 – 14/04/2024,https://ifsc.results.info/event/1354/
Soure (POR),20/04/2024 – 21/04/2024,https://ifsc.results.info/event/1365/
Graz (AUT),03/05/2024 – 05/05/2024,https://ifsc.results.info/event/1366/
Klagenfurt (AUT),26/04/2024 – 27/04/2024,https://ifsc.results.info/event/1367/
Salt Lake CIty (USA),03/05/2024 – 05/05/2024,https://ifsc.results.info/event/1355/
Salt Lake City (USA),07/05/2024 – 08/05/2024,https://ifsc.results.info/event/1388/
Shanghai (CHN),16/05/2024 – 19/05/2024,https://ifsc.results.info/event/1384/
Mezzolombardo (ITA),25/05/2024,https://ifsc.results.info/event/1368/
Mezzolombardo (ITA),24/05/2024 – 25/05/2024,https://ifsc.results.info/event/1369/
Budapest (HUN),20/06/2024 – 23/06/2024,https://ifsc.results.info/event/1385/
Augsburg (GER),21/06/2024 – 22/06/2024,https://ifsc.results.info/event/1378/
Innsbruck (AUT),26/06/2024 – 30/06/2024,https://ifsc.results.info/event/1387/
Innsbruck (AUT),24/06/2024,https://ifsc.results.info/event/1383/
Innsbruck (AUT),24/06/2024 – 25/06/2024,https://ifsc.results.info/event/1356/
Chamonix (FRA),12/07/2024 – 14/07/2024,https://ifsc.results.info/event/1357/
Dornbirn (AUT),13/07/2024 – 14/07/2024,https://ifsc.results.info/event/1371/
Paris (FRA),26/07/2024 – 11/08/2024,https://ifsc.results.info/event/1358/
Žilina (SVK),19/07/2024 – 21/07/2024,https://ifsc.results.info/event/1372/
Briancon (FRA),17/07/2024 – 19/07/2024,https://ifsc.results.info/event/1386/
Guiyang (CHN),22/08/2024 – 31/08/2024,https://ifsc.results.info/event/1396/
Villars (SUI),24/08/2024 – 25/08/2024,https://ifsc.results.info/event/1395/
Koper (SLO),06/09/2024 – 07/09/2024,https://ifsc.results.info/event/1381/
Villars (SUI),27/08/2024 – 01/09/2024,https://ifsc.results.info/event/1359/
Bologna (ITA),14/09/2024 – 15/09/2024,https://ifsc.results.info/event/1392/
Koper (SLO),09/09/2024 – 12/09/2024,https://ifsc.results.info/event/1373/
Troyes (FRA),25/09/2024 – 29/09/2024,https://ifsc.results.info/event/1360/
Ostermundigen (SUI),21/09/2024 – 22/09/2024,https://ifsc.results.info/event/1379/
Prague (CZE),20/09/2024 – 22/09/2024,https://ifsc.results.info/event/1375/
Arco (TN) (ITA),27/09/2024 – 28/09/2024,https://ifsc.results.info/event/1391/
Seoul (KOR),02/10/2024 – 06/10/2024,https://ifsc.results.info/event/1361/
Genova (ITA),05/10/2024 – 06/10/2024,https://ifsc.results.info/event/1390/
Madrid (ESP),18/10/2024 – 20/10/2024,https://ifsc.results.info/event/1397/
Madrid (ESP),20/10/2024,https://ifsc.results.info/event/1400/
Neom (KSA),11/11/2024 – 13/11/2024,https://ifsc.results.info/event/1402/
Tai'an (CHN),10/10/2024 – 14/10/2024,https://ifsc.results.info/event/1422/
Ibarra (ECU),15/10/2024 – 20/10/2024,https://ifsc.results.info/event/1404/
Jamshedpur (IND),14/11/2024 – 17/11/2024,https://ifsc.results.info/event/1398/
Perth (AUS),16/11/2024 – 17/11/2024,https://ifsc.results.info/event/1423/
Santiago (CHI),20/11/2024 – 24/11/2024,https://ifsc.results.info/event/1401/
Mar del Plata (ARG),29/11/2024 – 01/12/2024,https://ifsc.results.info/event/1394/
Sydney (AUS),07/12/2024 – 08/12/2024,https://ifsc.results.info/event/1443/
"Curitiba, BRA (BRA)",14/12/2024 – 20/12/2024,https://ifsc.results.info/event/1393/
